mr_iid,discussion_id,criado_por,total_notas,resolvida
98,3f4c0815b0c1ec0fcc64956d15dcaf66730dff08,Developer_01,1,
98,0a8ced9d061fe1444937a0641be5586e4445a759,Developer_01,1,
98,2411f3875234952396fcbce5a42d5f8aeebc0744,Developer_01,1,
98,edf316ec87462d610ab74c01241f10a752275126,Developer_01,1,
98,12ea2e0ccf3f872db5df61c442014e3fb4bec517,Developer_01,1,
98,777d793f8a32c6914aeba341b5db15d7801d827a,Developer_02,2,True
98,6187643ea265b4a6fdd570c4b181ec946c1b6439,Developer_02,2,True
98,65ee711b1d9bf50a657418b0190a80bfdcefec67,Developer_02,2,True
98,ad44a6b9c972694f8290ea3b194cd7aa46223993,Developer_02,1,True
98,4335a216a3fae6eba5cd0b98a529288c3e4e34e1,Developer_02,1,True
98,b4acb264f3ab5261fa104e0aee8cc3b24833a2b9,Developer_02,1,True
98,afd2119090ed25c5b9e7426413080e16e8828c9f,Developer_02,1,True
98,ea3aefbb22c7d149cb714c3dae297bf0b534561c,Developer_02,2,True
98,d9e0b894cdedd1106bc0943cfc19796def67fe10,Developer_02,3,True
98,ae3dc3aa3d903e319977fee501a809522b9e5d37,Developer_02,2,True
98,b70dd97e6c441036455ca7999894fbd1c8fcd898,Developer_02,2,True
98,909ee850feedbb261a9a02be2a99643c92740082,Developer_02,1,True
98,97324fd028095541783a3a5155da0bde546d92ab,Developer_02,3,True
98,1d1d7de72edecc542daa71176215f00802da6d31,Developer_02,2,True
98,348f3eb20e98e6e79082550aa190a8ca374bc92c,Developer_02,1,True
97,a8954b222fd0e2c3d30ff5e15b8bf3ec8fdfee51,Developer_01,1,
97,84e7b2dc178a8b456ecb30464863b0297d6ccf02,Developer_02,2,True
97,5db772367cca97cb6c00c919f5643bea525d85a6,Developer_02,1,True
97,ebaf2487883c72c4a11dad9bfb69a0c88a1a7143,Developer_02,4,True
97,5dfcba7b44959ab0459f75c865609e6e3eaa6cd2,Developer_02,1,
97,ddf9607c39dec94a9deafeb347462afef56533fb,Developer_02,1,
97,24ddbcaa337bff66d8bb8f9abfc68ae4546a4cb7,Developer_03,1,
97,0f4de2fde049565d0cab0c90aa83064a58861a15,Developer_01,1,
97,fa925991a32b980d1426eb1d2d50b9e441b8910e,Developer_01,1,
97,7275309c37d827a9316f8104be2087f61b98d3a3,Developer_02,1,
97,4255eb6dbcb5e1da8860ed59d6cafeab380004ff,Developer_02,1,
97,0d4ae6296dc85af85da30843447db01d7195276b,Developer_01,1,
95,3cb78166bfe2ab37e9cea012524f3942601cd73c,Developer_01,1,
95,3371476d78beb36c017c430ecbaef3133a86a224,Developer_02,2,True
95,e3e1ee1279e9bd82979673af89686c245e28f50e,Developer_02,3,True
95,f9438fbbc589b98862320552e742ee4bfd37abc9,Developer_02,2,True
95,e9892bd0253c30565419d8afec823901b85d3bef,Developer_02,2,True
95,4c00460f7f0fbc0b12e264b10cd6f7c3a5cc41bb,Developer_02,2,True
95,c57eb3a5c74ddaaebe8aadd8069a0dd6034c0b9d,Developer_02,4,True
95,ddb530058f0ad3606a435dc7763bdc429a25261a,Developer_02,3,True
95,3f4de0ed7c8bb52aca8fdfecf0c3b7de8acd0c46,Developer_02,3,True
95,2d00879214903a67cbb8dbc088553013697e5194,Developer_02,3,True
95,5eeea10d2aa162fbdd0d6a9751c203451a6410fd,Developer_02,1,
95,5ee6d4b9d590595746e8f5bc0a23ae7a9ac71318,Developer_02,1,
95,d357093b6e2043e4967faa7f6f4942b9f308426b,Developer_01,1,
95,5d66cc43934bdd69ffc5b3bee06e91c8cbc007f7,Developer_01,1,
95,4366bf89b39592d4c29269127c5e24e3eda39078,Developer_01,1,
95,25b799af04322ea2bb1a7b92665fbf1ea6bd9dbb,Developer_01,1,
95,07567e9925ebaf7c4d467aca3f8ac39314bbb66d,Developer_02,1,
95,f2836cb2b65c3fafef3048c99f349054c9a4396f,Developer_02,1,
95,a5af1f04285b8bf66d46de9dcf93719e084cbfd7,Developer_01,1,
95,cf52aee275d4c0abca18136eead149a3993b0cc9,Developer_02,1,False
94,1d6cbb05c87ba212fd077f1b1cc4dcece243aeed,Developer_01,1,
94,9f458e4e3fd2bcb40d751c32c78e397ff8599a98,Developer_01,1,
94,1563a65b18ecde43135191eeb9507fd91dcf0c3d,Developer_01,1,
94,42b23889ecde9d8bc88279eec10366ae13fd561a,Developer_01,1,
94,f79343610939c05581378785af48b2ec61f3d3fb,Developer_01,1,
94,25d5bf53dfc5bf5b35437b91f28f5ba15b008ba9,Developer_02,2,True
94,294bcefdf69d521532c67834cd4a362f7d6b3472,Developer_02,2,True
94,9733b5dbe2122d2918b9426f14c0bab646c5b2f6,Developer_02,2,True
94,113b76fe55a302113e823e10b22e9dde8e7a519b,Developer_02,2,True
94,62b1b96934ba737ddde6c0d3e5bbfa67e1c76cf0,Developer_02,2,True
94,e8003a5c618ccafdb8fc739d7807e31d343a3e88,Developer_02,1,
94,0ebb7d6f8ba7c2ceed4d0b4cb8dcfdb80097429d,Developer_02,2,True
94,b5ed74806fd614f773094bdebfa0abac798957ed,Developer_02,3,True
94,f944ed9c0fced6c11ed99fd51ae99e163e3fa4fd,Developer_02,2,True
94,c0ad0f47d20cece3687c8ac734856daeda0e21ed,Developer_02,2,True
94,c9ce5de26bb9381f6d01d7548b2806a3cc148924,Developer_02,3,True
94,249d7d6f7a9028d7b4e81639279f20b3a2ece704,Developer_02,1,
94,f57e2efc735bf6149077ec21866334683de6ddd3,Developer_02,1,
94,d4e6b4b042a75b597e70ac91f16bce42270d41ec,Developer_01,1,
94,ce8116860a1cc31f65e3814f497b6f0b212b121c,Developer_01,1,
93,36a2e325810e808e9f5e0273782fa491c5cea23f,Developer_01,2,True
93,520581dd8423e7ab7926f91fa833e8a4b9a74f67,Developer_01,1,
93,f00ed859c850f50d3eb6cf3555a8db3b1b24b003,Developer_02,7,True
93,3d5bb88f11498307d3ea214709cc3f727797895f,Developer_02,2,True
93,734a71edbc40da64fcaabc03da10beff37957898,Developer_02,3,True
93,48bcd9066e45f928b2baffaabc6e5134eabc7c3f,Developer_02,4,True
93,477be54faf2464c251ae9482c18af5c143ba9a0b,Developer_02,6,True
93,b38b89d7c7c4aebd40566f02d6d9806c6b4bf79f,Developer_02,3,True
93,3a71c0d812b998065be0377770049c86b26894e2,Developer_02,4,True
93,bc4e7412cbc2bb0e85cc6767a536749fcdcc462e,Developer_02,2,True
93,52d28e807dca55d174de067f43fd1b26fb8c517f,Developer_02,4,True
93,85e0f81b1cf371a9d0839b702a4e5c2d99414814,Developer_02,4,True
93,74807bcfbdb139ca44790b920a9689965c96dbe0,Developer_02,5,True
93,c222be7efabf4c5c8201ea4290de2175a1886006,Developer_02,3,True
93,34993a6bde80afe55253136c83288891510453a8,Developer_02,2,True
93,8f2078028761841c4f2888e267ce597968545824,Developer_02,2,True
93,3b3275b04d7e145a014778dc55c2a06b8f11022d,Developer_02,1,
93,bc3eda8ebffc112d77bdf6df74cc95a1041ae961,Developer_02,1,
93,21013ed0b88e982ea5cda1bdd14a5c161fddc41d,Developer_01,1,
93,4db4e8d8153db15080fe6b1088f2158b6ec7f6f7,Developer_01,1,
92,11429745f92f3f1daaf04a54ade34df7773adc0e,Developer_01,2,True
92,cdd82653d02cc9275e48457f7592dc94ab0e9993,Developer_01,1,
92,f3808416a20f5672391bb417d5f89d7b4001e53c,Developer_01,1,
92,4253c2dd95d066211725a6186e06eb5a37c27a7e,Developer_01,1,
92,6a594e7d8ff2d3389bc7fe4bfdd1019ef83452b7,Developer_02,2,True
92,4efa3655b703012dc96bf2c9134482c7370a80fc,Developer_02,2,True
92,3815e820c924bbae05728ae98b68ebe05bb33023,Developer_02,2,True
92,af328b906dd86c7ff05282d55b2b58f8b22d81f1,Developer_02,2,True
92,0b51a40aaa4b5365d78872239fdbc2e7072f1cd4,Developer_02,2,True
92,78338222b948e09dd5e9b49ec0159e94ae3f437f,Developer_02,1,True
92,7f7ac9622cdf89a53d9e767d13652200118764e0,Developer_02,2,True
92,042e088c66c1c93f2d07b97e17cb9631469e4db0,Developer_02,2,True
92,52e3374c8d57d9061321096cb4e6df869ae7e606,Developer_02,4,True
92,5dcee45a4e884a8ea08e16814293702a11083230,Developer_02,1,
92,a33d5ac46b3ce597c7c7ea440cb2280a211fbde9,Developer_02,1,
92,45e371db1b5a429cac3179ffbbe469355cdbc8c9,Developer_04,1,
92,972125e6281bf43bea7731f15a283bb1af1eac8a,Developer_01,1,
92,b59e0ae8e14db474825e886c92468e0a53e819f9,Developer_01,1,
92,a7cf58a9be961a84339ca864638f852e9b10f569,Developer_01,1,
92,eb5bb500129917fc91cb8588f6247e5f4feecc16,Developer_01,1,
91,2943d960d226dfd3c776799ab6d9073f61d07a31,Developer_01,1,
91,d8742896bf457ab2f11eb36ae48b9c6491ff8f65,Developer_02,2,True
91,9c96fbfbbcca7b43d49eaf98f17effee413ffd90,Developer_02,3,True
91,668ae95ebb37000f4c9084a9b31a5a7289ff8e06,Developer_02,3,False
91,89eb3bd1b0c78a0bb9783fd9c0bb9144d387371a,Developer_02,1,
91,260d2e5b537c68a3c1a52a969157ea9956f98fcf,Developer_02,1,
91,826278ea62db464a483e12ae785ab7249e6aff3d,Developer_01,1,
91,d165fd4f09ddc3a61af7d0d9b2e7db3795a372d0,Developer_01,1,
91,e89cf4d9b161cd2c6cdb7fe954f11b413a295ff9,Developer_02,2,False
91,1c433955efa618ae8c6fb21d978555909285bb88,Developer_02,1,
91,fe60432d689b3dde05e51efe2f724094d9dbf800,Developer_02,1,
91,f3ec101cf80c3453d5ac607c5a4b2e14e56297a6,Developer_01,1,
91,bc6925e20176fb352a6854e728887e40318dc513,Developer_01,1,
90,8e65bc43d296a4a29dd8c2c1cc4214f488894fae,Developer_03,1,
90,ad62a4fe46c14cce287997c246d256fa9a952785,Developer_03,1,
90,efc211c2387d1c0110ac8d85c8d595e64d23aeca,Developer_01,1,
90,875cf530046ec7ed7362c78719447ad2251f9efa,Developer_03,1,
90,51bcd3c774d43599559faa37ce23858873deea69,Developer_03,1,
90,e458a381a3b375db4ee10d6e9b689736ea937c09,Developer_03,1,
90,5b5699c1c5982f4ec511c437e61312303be52a48,Developer_02,2,True
90,98632a0b275b4c3e82225c6fb5caccf32225095f,Developer_02,3,True
90,fc4d3062462566fac76948295701d7f087101b69,Developer_02,3,True
90,d0832f2b877f549ef7da73888e2ba66b5e1994c2,Developer_02,1,True
90,103fdc54a1092de746fbb097fc49665f2e55f390,Developer_02,1,True
90,e41e27bda5ef1989f412addb683d8795d8214e9f,Developer_02,7,True
90,14c1cb2ac54db49e96cc9f9ff619ae9d021a8d4d,Developer_02,1,True
90,4baa18fadb0ee238066ff3566c9e8fe28abc7470,Developer_02,2,True
90,08666c03ce803c213b933447803f0ea8b86a1b46,Developer_02,2,True
90,6cea42dec00793fe1259ec72adda06f95ae8b4c2,Developer_02,1,True
90,136ff2251d56098dd15d7d9c954086b9a98b15ed,Developer_02,1,
90,b2605c48f6d4806080466df21dd8fb88a86a026c,Developer_02,1,
90,8a07e7552c8c50ea175db764b51a017dd15dee72,Developer_03,1,
90,2cc5fedb7a358f1fb455bf032143ea34ce9c9ed3,Developer_01,1,
89,e6f5f9597d48f84bddeaacb18c377383febb9f4d,Developer_01,2,True
89,6a78a693c2e523b665fe788754b61bb7e7244257,Developer_01,2,True
89,1e2548a2427d51f36690cf01796e8fb1c2197724,Developer_01,2,True
89,ab48988dce05dbdc75aa4eefc9a6d0de96343857,Developer_01,2,True
89,dcd33eea96365f5593b9c58c879be47539a705a5,Developer_01,2,True
89,c5438712b3a8e1a8bfc03afd851b9fdbfc3703e4,Developer_01,2,True
89,7fb5798b4559c714ebb283ccc4e1ce4d7b00b015,Developer_01,2,True
89,cf8862c159e624810176329736c4f54f01380aa3,Developer_01,6,True
89,ecdd1ec76e83b0921e7324399b5a1ee191fad01f,Developer_04,1,
89,434724d2b2509cdab0f4e351f4b219b1c1a52835,Developer_04,1,
89,aeaa8d3b478091ff16e0b868bbc71c7c600048ef,Developer_01,1,
89,56bfb6d466d34b1b96e6b2fb29acaca209c7250e,Developer_02,3,True
89,2a04b1328f5c58b612affbd96321801f743d5e10,Developer_02,1,True
89,7a98df67117c57b9a3e5d9996167c8053d839e3b,Developer_02,2,True
89,3c115afc29ccf7d30a190886ebe3c0f5a0e01858,Developer_02,2,True
89,433c3129f93ee736c59efa67bee3c57c7ef6a3af,Developer_02,2,True
89,3234d306f0c5bfcc8c677c7fe73bd015be458475,Developer_02,3,True
89,cf008465bdbc5e15df8b53b4bd8f38306b5a210b,Developer_02,2,True
89,642b990a92962b4bd9b6f94e269fd3cda29755b2,Developer_02,1,
89,05e83fc14c39d0a386c995342d9f237c822a086f,Developer_02,1,
88,ce2691c71570964d97da18a2fa72080f6c68f1b1,Developer_01,1,
88,3ee041ca39eb3f1a190ef0016581ea377d3cb1df,Developer_02,3,True
88,b9ba223b0789341aac90c3cc073b61a33aabcfd4,Developer_02,6,False
88,9364e876ec1a72770f0a85734ebd1fb89798dbc4,Developer_02,2,True
88,b3fcab979de2b778b236f4ad4d40b8f8b00dd3bb,Developer_02,5,False
88,5fa335f4ddb8dd0b4b1d6cf07371c51b02b6d7d9,Developer_02,3,True
88,0acb52aa23299c8724bd8db3fcb4505226557dff,Developer_02,1,
88,49a822755b94a5b35bfe7fd19fb7738bb28ea46c,Developer_02,1,
88,45274f127a7c8320340e50250d7c7ae1cb012551,Developer_03,1,
88,1f139f5190adfda7cfa96cbefb116ad00d40d627,Developer_03,1,
88,222a1941c7d3c67a8ecc34fd5a994ac1ab90ce98,Developer_03,1,
88,cb2cce7ccda149a82725d7ca2b7e6f13abd69c8f,Developer_02,1,
88,33cbcfaba604ddd112cc2081a58105ab55f4d150,Developer_02,1,
88,e8f5b83b2139b8e0968ba61333b25644d5837592,Developer_02,1,
88,927bf682a2b468f3ff3418de2844df0e68d0da55,Developer_03,1,
87,3e1b3930d83d6ed2f269d2fa2fd0ac77a9849423,Developer_01,1,
87,689dc8b0bda602917d043054478991d7c5aab358,Developer_02,2,True
87,cbd9ab16889d3269e63140f1d120ce9062155109,Developer_02,2,True
87,793b5bc9ae4889305e76c9def92aeee8d9533008,Developer_02,2,True
87,4a90f001db5c70e5ed4d87e64378022b98db8da2,Developer_02,2,True
87,318400dcf51fc1f5e914166cc9c7d1d9bc695b06,Developer_02,2,True
87,d96fe568ad8031ecc6c2c381b4630b380ac42da5,Developer_02,1,
87,3ac054800b76d1ed8a79d38010ad4adf9fbb775e,Developer_02,1,
87,13cffc1feb155181d3d26054d745122a78023a42,Developer_04,1,
87,02b7adb18fc934e389ad98a083d4f5b8bb9d632e,Developer_04,1,
87,ab1b0038f8a0d3c419d7d49465fc97c677e22a42,Developer_02,1,
87,b880fb23d3c0942d2d8c2f167e31e79428381881,Developer_02,1,
87,657d34e86c29f6b0d4caeb0accd729f47706d876,Developer_01,1,
86,f9aebb423f6e752faca1fa61ad6f82c51a7ce8eb,Developer_01,1,
86,5c929e72ae6b9cdb886589828e196c2ba437425d,Developer_01,1,
86,5665fc5fec047d8ffa4c7416306afb881f8e150c,Developer_01,1,
86,86bf9bb36410d1e95ccd8e9b193952372b4420d2,Developer_02,2,True
86,2fae772a533137fd5dcd2c1a449624608d2fe55c,Developer_02,2,True
86,f496b732ab4dc5ea75eb0265953cabd7dac2b4d1,Developer_02,3,True
86,c979c0adde22d7ac34fcd1be098de4c7a6a8c09b,Developer_02,4,True
86,cac63794479e97b287cdef77a42ad8d1dc64d362,Developer_02,1,True
86,4ecab2da70bba83ab30317a03fe9ab81685cbfab,Developer_02,3,True
86,c13dea70ff0a1dbddbf468d4f0b93cced286cbcf,Developer_02,3,True
86,2707d55f4a5a2ab50843e4433e3fdd0ffe19acf4,Developer_02,3,True
86,611a12f00799c73d70ee405acdb76b0af19bbc5a,Developer_02,2,True
86,61fe7cf2fd2e8ef76d34269c92b9b3b3d50beb5b,Developer_02,2,True
86,7ad84ee93657381fdb47a28350ef74e0dd2947a7,Developer_02,2,True
86,3d25f827a75d9ebf5582ac0eafa933aa114752de,Developer_02,2,True
86,db427467a9fa4df56af9875b1990a3b8e1424384,Developer_02,4,True
86,873888d653486bdfcd822f0963753c79eaf042a8,Developer_02,3,True
86,c93e11b390a0f8d73b7d4833441567fabf484ca8,Developer_02,2,True
86,b2a5a0dd17af011fdc8940beaa15b30859af5509,Developer_02,2,True
86,09ebc7822f3e846e688e9f780ee8afd160557e1b,Developer_02,2,True
85,6f6e736c2afacf49e325444fd496030d91a87b28,Developer_01,1,
85,2f796bda9f5eb5aba2cd34e38ba24858c1d06db7,Developer_02,1,False
85,67cc2b82a76677c32d0050c5fc0ba2e6afe77e8b,Developer_02,2,False
85,5d7b64d0597b15ceaa3f3c9a3a97b32f18b5b6db,Developer_02,1,
85,1159e30224be5f5c9c6e1f9324deec0788be1e3c,Developer_02,1,
85,aa7ae63920b0d8fc0f93b07cc433a80fe6838aab,Developer_01,1,
85,4170c77ccb2119b5f5c443a193ee39cfd7e53cf7,Developer_01,1,
84,dff6fdf00b62b91140e2f40cd3225b96ba221c8e,Developer_01,1,
84,f2b2234307ac6e60dfc6c780d46bdbadd5bc0fab,Developer_02,3,True
84,ea9f93e1d2096fc5b8e64d893c0da551d3b378ef,Developer_02,3,True
84,340dda07edb3b6f1ca3cb99152e5b6ab143622f4,Developer_02,2,True
84,9c052c4b30f9e5166a19c35620b4e1d0c2b26a42,Developer_02,2,True
84,501a62dfbc4f0ebe025753c57590c5d23de4edcf,Developer_02,1,True
84,4ba8f5e595bf75b02d8954dde8bcfc0b4ba98b2b,Developer_02,1,True
84,2ebe0ecb2c0951cf5ae7744757a0685c7c5a3fc8,Developer_02,1,True
84,111cf9517051917d15175185778b05451b6e24b9,Developer_02,1,
84,88c477aaba308383f2e930414f4a94f6f4d44a07,Developer_02,1,
84,052bf187b4b83d946a644fff59a179b1c205442e,Developer_01,1,
84,8761ea7cac22070b0e242b23236a032e109c4056,Developer_01,1,
84,bdd0cd182b41302f92255fe0f1dda270ee591f65,Developer_01,1,
84,b0350a4e89949ab122c4a65df62bc9703a226ad7,Developer_01,1,
84,05d309e1402886e56f3f6fc388b3308701b8ea42,Developer_01,1,
84,56824c64a7d1d1d731c611683bce95d9bbfb5ad4,Developer_02,1,
84,89378ffc8c53d08d957ef4623da71b6f52cd1c2f,Developer_02,1,
84,a92aaca38328051aacc4b064306eca3b41d919b0,Developer_02,2,False
84,7556b84988d48dfa8ae68a573ddbda9c5d2015b5,Developer_02,1,
84,989bc9979518546109f7799c968956f7ac801a2c,Developer_01,1,
83,7d50aedc7d46af0e884ff824f0cd85dc838cfbbe,Developer_01,1,
83,2d096e57017f3c26b4de57fdb17dc5969681c712,Developer_02,2,True
83,8a103eae74e641d53f283bd4d42b4e6f1a95bc03,Developer_02,2,True
83,448694c0edf3179bd8382f905a63e9e0fce02b92,Developer_02,2,True
83,276ce483bff028a99529487f941e5b498fb9b8e7,Developer_02,2,True
83,fd1a3c87aa08b75b4a7d3900e4d390b20a5d5fba,Developer_02,4,True
83,2c06a89f9f2b78bf12894a83847a87beb36b6a0f,Developer_02,1,
83,20f38314b9b43f7d378660f0802850308c4a3686,Developer_02,1,
83,5d7f7160241b9695e4fb19f5ca82a79887628322,Developer_03,1,
83,7d0177fc7a39451c7f2c8d21062d8cd9444bc274,Developer_01,1,
83,cbb4bbc64a9d0500bf647eade56b43a494a206dc,Developer_02,2,True
83,664b0bbe30e0cf7fe008fcb494c273853f86a589,Developer_02,1,True
83,86e6e4451444c0995f3d906dac04738c65f6fac0,Developer_02,2,True
83,680ba7f1f8ee6e7214c9c37e7a4c8058cf8f42a8,Developer_02,1,
83,6f798d8b369509dcf8e14c0d69585c143bf69d56,Developer_02,1,
83,fae0d0956b068f920285e73e9fc911b9d32a970e,Developer_01,1,
83,53fbc12d1c7a3a076aa0dea674dbb26f87793272,Developer_01,1,
83,2ee844338f63ff2b4810cbd01d0246bb44d93911,Developer_01,1,
83,b6a520361bf9c498e6622be9e36c1ae340a5976e,Developer_02,1,
83,cb90d51c68bf823cd407b865595f891172688b3e,Developer_02,1,
82,fb22ce496f2fb567b600e59484722fccade8717b,Developer_01,1,
82,52ddb8aab3a64d9b566dee29bd6ebe827c96a17d,Developer_01,1,
82,32473560006011dfb2aac2556c50d4e27e8a7131,Developer_02,2,False
82,eb477f90d5d05d9a9068be40c031ae6a5375c42f,Developer_02,3,False
82,4da7a222861eb7439eec639cc83b288eed757315,Developer_02,1,False
82,649c853929682579bb34fc5e780832be243bc155,Developer_02,1,
82,42c711c2bed73355e470a2f47abb2bcb6ec7c8a7,Developer_02,1,
82,ffbdf1246255d49533f992894c3ea7c92ba3f2b5,Developer_01,1,
82,6c1535132f01ebbb2e58dc50655c92ee9e572f11,Developer_01,1,
82,5517089e1a6894d12cca49b13558e7774b9619d0,Developer_01,1,
81,072931cb3a572275f9df3ce84a0ba2d2b429dbc4,Developer_01,1,
81,5149a523d611b1fc91b469dfb2724198bc00b2b2,Developer_01,1,
81,33c2cc9d6b33fd671659cbf56158e4237c18f6cd,Developer_02,2,True
81,602f7387bf1eb5a0534c743cb887933a6c0f9775,Developer_02,3,True
81,b7e7e240c5b50865977aeda1e4d6f19f0bf6de28,Developer_02,4,True
81,27a4b3c01c416e21ced1aa652227d2b88bbb05cf,Developer_02,2,True
81,90681b3255f60249087582cbf736ee8f4fb331dd,Developer_02,4,False
81,8b5e4e52f5191c5a87ed3344007e7f1a6bacd079,Developer_02,1,
81,e121e5847659c949841bbc534517a09ee578765b,Developer_02,1,
81,28c3fd59fdd7f40dda0a94a3bc7109441987706a,Developer_01,1,
81,2c9b2ef09ac58529cb8b939cf7cb9914383e8072,Developer_02,1,
81,7974476cdc64f34294b5e5ff2d185bc32928f16d,Developer_02,1,
81,00982a28740bd1f55e52f56961cdf35ddc9419f4,Developer_01,1,
81,ce54011a56beb3a3730f375f3d4d6695e951c905,Developer_01,1,
80,8b8e060fa56ce3c3e74c2cc4b5b7f173afebc8d1,Developer_01,1,
80,58aacff28444972fbccc1ff5b78bbed911095a93,Developer_02,2,False
80,a1576b90ee1587c5f32e845d1e10e73746a6e743,Developer_02,2,False
80,f504691daafe380adb2854ab9e89469151be1371,Developer_02,2,False
80,bd8cbaeb05a40d62b69a64d768fe3d2cbaffde7b,Developer_02,2,False
80,275317f0f644757bfff8fdab42682bcc92bceb40,Developer_02,1,
80,49cf5c2326db6c0e40a000b1e07c3323af63f303,Developer_02,1,
80,1590e13adecac7d554ae04645eebb98db60be04d,Developer_03,1,
80,95ec51c69c64e87beaad500d5f5031af6e5e26ce,Developer_03,1,
79,a26ae31b4d0d6b732d34710e02083a8bdbc98255,Developer_01,1,
79,ee47769f24d93d661d09b6a623edcd81ad4259cb,Developer_02,2,False
79,976f57da8c0c8ea62353fca311624095328f089f,Developer_02,2,False
79,5b978997826eb06b41a5cde32df2a228de6657b8,Developer_02,2,False
79,b4cbfdfef55451de8e07845e472324c715f9366a,Developer_02,1,
79,f82a77ae14de97f586eea8a58888a671feb3fe25,Developer_02,1,
79,a834f4f30a79a5fab91efb42d95f91d4c03db123,Developer_01,1,
79,6ffeea1fe67a2cda2c555ac9fdce95ddf89333bb,Developer_01,1,
78,90439f417b02e05a1da45a99c3319359c67a3560,Developer_01,1,
78,72c013e5820e03540d4f400fc226de40be253068,Developer_02,1,
78,94db3b65ddcf9bac33753e279bb45ae7d80038b0,Developer_02,1,
78,3952b4e55053bafdd89a89124a3a6f39c1606018,Developer_01,1,
77,9506202c71f39c2e6e7da6c9fd0fda95cc9f6c5a,Developer_01,1,
77,b7d768d4f6649a12eda8de5ef562ad18558be5fb,Developer_02,1,
77,fbff0bd3885696cb1c91a950b5339b0f7b988c09,Developer_01,1,
76,5229c3d318f2905112128ee528741cfa2d59a05a,Developer_01,1,
76,9dacba2c39c65913f4880a22e36e1b97bf9e14cf,Developer_02,2,True
76,34a6d2312f98d77de17b9f082cd04aedbb0bd832,Developer_02,2,True
76,5bd3bc3e3055ade50eec32cc26f43a9c59744b35,Developer_02,2,True
76,5baf8d6023fe4c32bf93d0f7d915f58d782d374b,Developer_02,2,True
76,dab83c4da38d83e85b64af8ae0fd9ea690fe3215,Developer_02,1,True
76,d0ce52d557a2a2928eeb077aa81327473df3bca6,Developer_02,1,
76,d1572ad8f869c945b88ad2747ab877dacb7c94fc,Developer_02,1,
76,cfbf5b89a3cfadbf4b851dc397eded6ed0949d24,Developer_01,1,
76,4af0548bc05b647d6b2fcde937c5e09044489284,Developer_01,1,
76,7e3b3147c62c01336e051e92f39e89710982e5c7,Developer_02,1,
76,47f9a4ebc91496e76e271d18bddf7021e590f0af,Developer_02,1,
76,623976324548957def5d626021ed9db8de075bfb,Developer_02,1,
76,10b8b73e0c88b37ae6511f2004d5961b185bbce6,Developer_01,1,
75,cc9f6439304af17934f9af0f50773ecc29d4658a,Developer_01,1,
75,09e2acfb912148f921f262ff33d3803c25847598,Developer_02,2,True
75,a9d3cd3e89e44bf75136746f992aa316995ff8fc,Developer_02,1,True
75,c804d0bc20b90107fc526113611a3b2ec14089b2,Developer_02,1,True
75,c8ec623c9de31be6625978f33b52958931028561,Developer_02,1,
75,acf01d60beefc289734e9a31b2d3fe7ae3c171e6,Developer_02,1,
75,afc18089a0334ba7a5ff3d967010a53a83cd2184,Developer_01,1,
75,38ad567be73e1ff229d21c139e82bd288387ad8f,Developer_01,1,
74,3f8c662fa5500e06c65a2e3b6cd8b7cb56bb081d,Developer_01,1,
74,d11a18f5de350a66229966ff45dc4df7dd4525a4,Developer_02,2,True
74,614f9ec5b41351cc337a4a396386d513d6e906c9,Developer_02,2,True
74,c36ebc83c270eb588418fb850af4f143048d53f2,Developer_02,2,True
74,d4235684d5900b962b8ab6eb4f0ad7c9b043e575,Developer_02,3,True
74,ef309b71acf5db410598fb345ab4341d848de64e,Developer_02,4,True
74,a902f9accac0b7e0a46c088b450faeff5392a8fe,Developer_02,1,
74,71a8dd233ea4d0f0ff6829082deaad30ae652402,Developer_02,1,
74,1ed7f4e53b317e6b03bafd620d404b68bb6245d7,Developer_01,1,
74,e6b71cf3a2647e9ab66eefb6a060e0071779500a,Developer_02,2,True
74,ba36067a17f0e7da960a3da575ab4e7fa7713dc7,Developer_02,2,True
74,13652e92fa7bcfffa1978d18ef6a1253394f7d97,Developer_02,1,
74,2c5fb46dfb40344be2a6245f52ed8578209ea62f,Developer_01,1,
74,af741fd02fff78fad126763a709b8d417683c41b,Developer_01,1,
74,46a360ca9c3bb4ddda08e7b18507d24e1134ac21,Developer_01,1,
74,4fd30aaa9f1606c67afd325ee9f9100482a7a1f7,Developer_01,1,
73,5145e3cc850389fedb3cf74da47924c577ee998c,Developer_01,1,
73,2cb4a15386b6a12b28c51617c77c3ffc04e3c5ed,Developer_02,3,True
73,f4c732540faf2eef3d80138f812e058782c1c2c4,Developer_02,3,True
73,d9594152eaf879873f1577303ceb05b4487d84d6,Developer_02,1,
73,0484e8857f09b3c0f13f2121bff3a7c6508c850f,Developer_02,1,
73,eed5721d689f29ddbe68594556659e5ddfd87ee1,Developer_01,1,
73,5e773459f93c99cd863e6e073dcd036197efe89c,Developer_02,1,
72,01cf1aa6cd70266380f25cec8f5d3f6e511aefd0,Developer_01,1,
72,a5d841e72836899cb1fcb3b0c9e9dfce1c2c4644,Developer_02,2,False
72,5fe2a9c2f1ec0d2732cda4728eccbf5a36b6f93b,Developer_02,1,
72,32cc65456f97f2dd4abd8a94b640b0ce3d0726eb,Developer_02,1,
72,d6572b5cb78744b31f8955d1ef9b5dc4c4b5c249,Developer_01,1,
71,6d1668081204dbeeae0fd346f238d5ed69694517,Developer_01,1,
71,7f9b822da06eee609cb7af751675086ccbe1d198,Developer_01,1,
71,dacdeb51ad41a780181fb9cfd6bdb659aa0686b6,Developer_02,2,True
71,5fc3e9665653b894d17bd815a29457b9559d2475,Developer_02,3,True
71,9e23eb31198a1ae22efa5c53fd8bf00699406165,Developer_02,6,True
71,014314784d0d7113d09fb5a7d31f7223404b9d5b,Developer_02,1,
71,acc093ae399774ffdb96d9521f4361231f0380fd,Developer_02,1,
71,4cb72a4c7cb8dcdb5d01c4623b9affefad692c5c,Developer_01,1,
71,2d1cfb2aeec73d268da5dfc2700a89a4c4c6fb83,Developer_01,1,
71,fe7afe1fe945e12c42ac0374d4c4295d2910dc59,Developer_01,1,
71,c0d4737e7070cd5660a807594164804fffbb28df,Developer_01,1,
71,71d29bda45c27a997faab3ff6f0a09e6fc442447,Developer_01,1,
71,be122d0f5cfc870c5aeeafb15fea891ce5ca728c,Developer_02,2,True
71,2841b7bdf77ce8056acce0368668ae0486b051e2,Developer_02,1,
71,d38ebbd72d7b6450711a62b6dd71af9112f7746a,Developer_01,1,
71,e93aff01c3beefbefb448a7bb6ad47810520aaa9,Developer_01,1,
71,6652b61c98c278d51ec12e921e568928a87ee8a0,Developer_01,1,
71,5e3dfab168dd6b3430687769e361ae11f62fa0ba,Developer_01,1,
71,fd6361017ef1778fecc9e53229047730c9e112ad,Developer_01,1,
71,d9e6820d6b00d1a8764a5723687132462b5e4379,Developer_01,1,
70,4c962e9c9adf0147ae1dfcd51764b180d6c06790,Developer_01,1,
70,77c6e517c3913cf9f232b5946ed0e2ab1bc6329e,Developer_02,4,False
70,f9c327cd9305911c5f8a756ba8515e0ec30aaff3,Developer_02,1,True
70,954da6cfe3d5b2ce00a1a6186dcd7bd151fd8ce2,Developer_02,1,
70,acdca1714b3f4597632c91eb377e1b6f2e1526f4,Developer_02,1,
70,a06a9c22a94861dd6c51f02a8e7e94413c747c7f,Developer_01,1,
70,7f714d497783f2e9dec659967b2890942078863d,Developer_01,1,
70,e6dc02af498aef6f987a5047a330555b1e5de042,Developer_02,1,
70,0facc626a26a6d68465f202bafc0a665136c171c,Developer_01,1,
70,f9957f6e7ea563df4f771a844c7093e26a2e5e12,Developer_01,1,
69,c319a7b5b7bc42e7206d74431b16d41fd558570d,Developer_01,1,
69,dca04c33dd76358c84d0f6e000bc69cb0bc655e8,Developer_02,1,
69,42bc91545486738f7e12d4873440cdd169457c47,Developer_02,1,
69,dd4293bea724b63017dc1d8bb6f4781a3b189902,Developer_01,1,
68,e71837733326662d4d42c051ed4076c89414a76b,Developer_01,1,
68,0bad4eb8dc19f0990d40aaef429039ac758e82de,Developer_02,3,True
68,bc258a84ad0be7c1b8693b9fca887608fe80662e,Developer_02,2,True
68,3bf9513a12ebca5786b130ceb1414624a6cfdb92,Developer_02,2,True
68,4f22d353ac40f474b0e015090fbac9aa13e3eda2,Developer_02,2,True
68,9403413f1c156d78c770984222bf85fb04ad837b,Developer_02,2,True
68,9cbe26d632315a056e170727f528ff09823c3f59,Developer_02,2,True
68,d7f2d720cc24a86daaa133212d1ad30d379fefdd,Developer_02,1,True
68,c6f9d941888345261c9b398cfadb49aa7372410c,Developer_02,2,True
68,174f22f98b0d9ecf049fad126371a9083adf50a1,Developer_02,1,
68,a0c56f04c4adb80b3b95d0303eb1bb53fda31121,Developer_02,1,
68,999e73e9e4c87e483214fa2450591a1ea5c5717b,Developer_01,1,
68,6aa09bd1f0b506c679623bf40df01a5e361c6157,Developer_02,1,
68,e9b53e120a0f6b706fbe11358e7742997cb8a138,Developer_02,1,
68,d5309825901ebb1a19996798594fea952617b470,Developer_02,1,
68,047f56bd0577f9d006a28b4c24ebbc44c94e41f8,Developer_02,1,
68,1874b3dae4b08aadf44068282a7212c6d3576164,Developer_01,1,
68,d647851ba4f582da568665152cbdf268c04a17b4,Developer_01,1,
68,460cb4f6ed361944135559c4de5bba22a2794096,Developer_01,1,
67,38260b0c6f9c3e74ee2ecc19520af0e4189433be,Developer_01,1,
67,468edd702b64d63ec848806a272fd40b411f2878,Developer_02,3,True
67,2889ea5eb35ae1b857603e47a0ed7f8e4795fe41,Developer_02,1,True
67,db701b6e9a8dc18a5769d16874b95f2fdb17234c,Developer_02,1,True
67,8e3b8e3eb6986bbb0d67951865d5d893db9611b1,Developer_02,1,True
67,e850f5ac22d28483b37006f148d1241d6dc89c9d,Developer_02,1,
67,d2b47867d63d986afc777e7e7d4988196bdf44b5,Developer_02,1,
67,70d028bbc282233e9f737bb09198ec0a4848b4a5,Developer_02,1,
67,beea7b63263d21c013ca5ca66bac4bc9f75e4ec5,Developer_02,1,
67,43d92dd541bd2ed58ade55d7f76c7d7c9293b70d,Developer_01,1,
67,c4294e9fda91a96108c859a251b9eba4ab0109ad,Developer_01,1,
66,8cf80cc47466ad8c2f730f74c7ddb3457bec1d98,Developer_01,1,
66,09d7077312bedc626aa4fab25d605fc2b90411e5,Developer_02,1,
66,17eb2717a7623539f42cb57196e8240c144ccb17,Developer_02,1,
66,18822873f2e40f0a35704fdf3d8b34835dd66f57,Developer_01,1,
65,b8c8033810a875dbc8b8cfbda6915c3ce909d7c5,Developer_01,1,
65,310f3071fd47a0b9b54dbb8531e8193fde849f68,Developer_02,7,False
65,7861fba442f3a3e2388decdb50c3cc5d976da61f,Developer_02,1,
65,bf47630d128c8504c4f2d7255d88b801ca871978,Developer_01,1,
65,f7207f80b4aef10b67bcb6f41fada7f549aac84a,Developer_01,1,
65,512cb9af1f5b3548e29e77f5de0758cc8fdd42dc,Developer_01,1,
64,238950b7706479e91d97eb26b9781691d4c2baaf,Developer_01,1,
64,f5af77b5c96edec2cf3883241a7c323f3d640b3b,Developer_02,1,
64,9057cffb56a11a0f84ce10ddf1903d80c955aa22,Developer_01,1,
63,bbf14bd44139e6886afe456d15a2686be26d06b8,Developer_01,1,
63,cddfcc9e260967747097584857beec36efa6da91,Developer_02,1,
63,06588cfcee5d91c01de6a1c8d1436ec2841d3f38,Developer_01,1,
62,f01902b3d742527f23da182f5303c84c1928f9db,Developer_01,1,
62,c5325970ee64145af5ef8e3f9cceb3f4b745f83d,Developer_01,1,
62,7a91c7189ba75f9a54c16074751070264200072b,Developer_02,2,True
62,ca2d375c7fab992c230acd4ab199909c40ad8eea,Developer_02,1,
62,4f861177ab75e1eff818c32c0d18ab4e6db589e2,Developer_02,1,
62,2e3fbaf45b2bd60bf0417eaf852a276c3aa66bc6,Developer_01,1,
62,1f9cf60ba42fd114b7a55b7c8a8c0ea70fb7ad9b,Developer_01,1,
62,3c2c3715aac5fc88ddec47f1fb203080f708cd52,Developer_01,1,
62,0dac5a2e5816cb9344104d8d84a0607b7c3f2fef,Developer_01,1,
62,b304241573639985f4bf3b193ec16b8410738253,Developer_01,1,
62,effdff78d0e03e8756f14c400f341cd355a7ae46,Developer_02,1,
62,9a2ebe1996f8ce77adc2d82b3336e8dccf79dc20,Developer_02,2,False
62,8d4e8b429a2b4d483f828bf9d4aaff16e9e7f793,Developer_02,2,False
62,5d4ce1705a735e7bae91807fd2b6b5d11571dd09,Developer_02,1,
62,3ec02f3adc6520774494a9ee8fc67bc2f9393201,Developer_01,1,
61,f91b87db1626789af6b80c3df247602d1b2efd3f,Developer_01,1,
61,e242e301e84b6fefbbeaac995acdb8d9fcba7c22,Developer_01,1,
61,a89a0e6ddcb51730df664ef7801979cffde3c23b,Developer_02,2,True
61,fff394e663b1962cac199a44a1f7590dee7fa061,Developer_02,1,True
61,a74e51aaab90c325cfee730344817e5439d464dd,Developer_02,1,
61,9d366e4871a59f1dd7ae3ca0d4738bb094b0c02d,Developer_02,1,
61,f3e16dd634accb39f27ce04a76cc546e278624e3,Developer_01,1,
61,d03358daa44aecc8b7398b49703d5c41f7cbe206,Developer_01,1,
61,7c374237f6350fe28a916ab2b8d5c737b059f642,Developer_01,1,
60,1afe003c2dd73d44f3557b8904f6fa18a1a1c7ae,Developer_01,1,
60,54d73a630e3665fe4f262ebf38e4941f7ed60601,Developer_01,1,
60,ef61d2aa3a3a743b08322d58f5d22d6da93926c7,Developer_02,1,
60,4c1373d9a85b4f17d8b78e559d20cb2bd2d5dfef,Developer_02,1,
60,2e2ff1cf9c5b0c8d02b7eb1dbf64753d0a993c7d,Developer_01,1,
59,435461328f724a047d989e8a52971b3715c0a999,Developer_01,1,
59,91ce24a05e0f2a0aafae39df253c6c0c7c0c99ab,Developer_02,1,
59,51845a1550e94b79b83c3922dcf0f3bac380820b,Developer_02,1,
59,c72949663d703048aa924c31c30256bbc72e189e,Developer_01,1,
58,374084d4757a5eee97e62a7271f60c9b417ffddc,Developer_01,1,
58,177a610d56565241e2a66e9ceb741976d1b5b3b1,Developer_01,1,
58,a72c6e392d635021c77a0bea421dd7b38b284942,Developer_02,1,
58,453629f464a2216218567a2ee78565d358bcc53b,Developer_02,1,
58,2872d3745046344457b58b37fb3a4ead15a79874,Developer_01,1,
57,d3c6fab74d83dde5658cb5ea5b00bc42622847a4,Developer_01,1,
57,7c463b52517ba5730eb0c9eb47d64e6dea3c7d3d,Developer_02,4,True
57,23cd3cdab33dc3866f819dc627572a6af58971fc,Developer_02,7,True
57,7f4d27cd6ad78a3415dd3d7bb73c852152f106b1,Developer_02,4,True
57,50525c0f6831187315a2f2eb2eb8f488fe48428a,Developer_02,1,
57,2b52b48e2d1afc12205cc025c2e279e3cb1bad04,Developer_02,1,
57,476a3f7a1785a7bd65e5c87fcdb1fd19a6f92fb6,Developer_01,1,
57,03e7b0d3b96b4bb4a39f15930e08cdb3b0f0419d,Developer_01,1,
57,7bd89cf58781bbc7f50acc88b25c158a90d36371,Developer_02,4,True
57,97468ad61fd6749019b31ebc3d79326cffadc034,Developer_02,1,
57,165330a1607f995d249ccdfba41feaf86ca7388d,Developer_02,1,
57,1637d9ba7be10597f81d87812add2fdd1598e6b0,Developer_01,1,
57,3600faa00da7b33d5ff618ef523772ea748f5473,Developer_01,1,
57,614a2db8c52877ca9fcce4511f83329442bb8699,Developer_02,2,True
57,6437a5ef431336b0d4705509d7eca20adedfc727,Developer_02,1,
57,f6d0c14a1a057193fb34dee4b0f811609b1a6cb9,Developer_01,1,
57,40c20072ec4a44923b41a44c3cf2848a75765d66,Developer_01,1,
57,da7fba0fe967b9d4af9c89d57fe0c0936dd52fdd,Developer_02,1,
57,d66db2a8a135d3711f63d436d7ef6e447f95820e,Developer_01,1,
56,09226667099ee1d8815b6e4892186231fecf9561,Developer_01,1,
56,f5b35fd4c28eb7094765924d48a87813c73652d8,Developer_02,3,True
56,76d17c76db1496287f3f229b67cad0fa4571d814,Developer_02,1,
56,b69456dcf403455a37d293650fdfad2febc9dccc,Developer_02,1,
56,0e861b34518ec30b8d154828dec83795544d6348,Developer_02,1,
56,f3f53539bbb5d27bd9b90b7c58e6d99ee385dae2,Developer_01,1,
55,5aabf48625ed64d96350ed67087a342557d2afab,Developer_01,1,
55,3d9eb0b883ac5559ac1e83ddf7ad6063ee105d3a,Developer_02,3,False
55,40627aef7ddba5806160a8e2bed7093cf42d0532,Developer_02,1,
55,283ea9c45c0a031c3def1866617a4e870fdab769,Developer_02,1,
55,db90e80ae6a0fbabc305ce034a03ba1ffcb5eba4,Developer_01,1,
55,20f167f6430b7955dc41bb947affab421544619a,Developer_01,1,
54,56545fe0bbb7d3dad7a649ef4cf5daf7d9774d7e,Developer_01,1,
54,2d1ed1332511847b080ebb4b285b4f2779e334c9,Developer_02,2,True
54,676b510677aa1893705551bf9e7992a63f7b281e,Developer_02,2,True
54,6bb454b17dfe50c30d4275c83f9d6b6c80fededc,Developer_02,1,True
54,1cec212eaf5374eedaa6c14b96c1c7cb534b2d3b,Developer_02,1,True
54,698f8438201e65cd278b4aa86d3cfd35071b66f0,Developer_02,2,True
54,129739ba2ab444557ca356b3b6a1e1ff769b14c6,Developer_02,1,
54,672c4e37e7fb55a9134d552527ecad0a85e239cd,Developer_02,1,
54,ec83bc40fba9d0b9f54b3de3f8abcb3e3ee450b8,Developer_01,1,
54,f22438eef0fcf68e86f77be93f3d988c86b9310a,Developer_01,1,
54,aef8c6ea5d4a35fb67c8a25e0afd83764e38d274,Developer_02,2,True
54,de757eb7576d23e37e400af5771260a76c47d99f,Developer_02,2,True
54,1081d789d221e132d606ef3b36063914d1bf1a2e,Developer_02,1,
54,877e9fa3ea6dc102a4ce434ab91a84013fda4250,Developer_01,1,
54,1e536fb36cdaab8244d152b4b70bd12a8dae92bb,Developer_01,1,
54,1880b30bf51ae057dc7a56b31b51dac7c11d4a14,Developer_01,1,
54,43831260f76dfa0eeb21690fe71ee4d6036a6649,Developer_01,1,
54,6c67229a388d56e263963d3c9168a9d0433000cd,Developer_01,1,
54,cce1a1cb72a5fc8d9f35c94cf2d5d1e82c232140,Developer_01,1,
54,c7af047d43e497718d09649dd515cab156ceb11a,Developer_01,1,
53,8ac47e67c8dec2b420ac112eb77a8921a61cdca1,Developer_01,1,
53,4e810c4e13a79100b90bb27f5eac255c81bbb5bd,Developer_02,3,True
53,bb456b6526aee53d9a7cf420aa311307d66e578e,Developer_02,2,True
53,5ff301871f007c2a1f1a69080d0805165c2e6b3b,Developer_02,3,False
53,ca8f0251b365c7beeb0a0258bc07360c71385cb2,Developer_02,2,True
53,04f2b9c43e1028e269695ecec1f1bd7b1444076c,Developer_02,2,True
53,a90d5a63894dad9f3e4cae6a68dce99f82bd9243,Developer_02,2,True
53,42bbda21c36d769aa2315df63dc38d7a50936813,Developer_02,2,True
53,6e29355118253e25dbfa8921a987acff4ac160c3,Developer_02,1,True
53,51c20213f23654bb139b50d47add28800d7d6f6a,Developer_02,2,True
53,ffd686282e841b16f6e721f1f81383708afe2cd7,Developer_02,1,
53,6aaab6e56bc4ad98b3f2149f1ff59a203d5c5e64,Developer_02,1,
53,d479ca2f01f37a552208ee95ab581f9ab8215df9,Developer_02,1,
53,07aeb5a8dddd631d0d527ea0b8fce801cec5a9e6,Developer_01,1,
53,fbdfb902968bf1521508fb4d5456af23ad0374db,Developer_01,1,
53,cffa0fee469247464c3a9b19448567e64f5b069a,Developer_02,1,
53,ea7a9e6cd523e601035f30bbc1ac563f1df365b5,Developer_02,1,
53,22120e2435c41007f0dde83ba61cfd45b0431c1d,Developer_01,1,
53,158012b531a128f4315ce79a8026b03abc38191f,Developer_01,1,
53,aa89f94962393987cc0f9c71e20120cb27c8a942,Developer_01,1,
52,362b1780fab7e884b2e1a3941284d9837cc2884d,Developer_01,1,
52,b57b5023c7d806f90400b5142c4e6ea721c76085,Developer_02,2,True
52,43cad333c6c37f68d70a96d30adbc2589c04f130,Developer_02,2,True
52,2ac154f42e712292cbeb1f47a8767801b20b95ea,Developer_02,2,True
52,5866919b2c2998b2c8b534ef0f319614d5413b9c,Developer_02,1,
52,c11d6981ff67838dc64e46b3cc86793e3b870f4a,Developer_02,1,
52,05dae3e80b70fd5056904a88907118be37f8c306,Developer_01,1,
52,cc48910a919c24438ff55fb468fea419e82c98fb,Developer_01,1,
52,5e831ab9b8b63ebe740100243c2889e2077b53d7,Developer_01,1,
52,478893b3daf767760291793475436a0c3b35af25,Developer_01,1,
52,89b849afac15be902133ddb371da0edc5921ad9e,Developer_02,1,
52,646d9711dc9ff967823b6aae4d64200a39c4d504,Developer_02,1,
52,770b24d8b21f3fd4693703b1660408cebdf89d19,Developer_01,1,
51,860fd8fc56fb7629545750fcc866bef3e8972c00,Developer_01,1,
51,5df0486b45f8282477932dedf4bda3f2a6abca9f,Developer_02,2,False
51,ce90920fb0a55a45c60d45d6fc866f95bdbe63a0,Developer_02,2,True
51,e965e725b67627a9f0dc730907c39b08c72ba40e,Developer_02,2,True
51,04f1fa99ce81a238ba5006aee6edc39e6861f7f6,Developer_02,2,True
51,cb8ae0306352e30067f54ae9c0e23d8410b1d72b,Developer_02,1,
51,c1a4b6d528cd85c5c2f588f54e6f39f8e4581ea5,Developer_02,1,
51,a9829db0e65ac6f43bd33ed753e8076b5cc7fedd,Developer_01,1,
51,60fd2905b9ca018bd6e1cece4da9ff89bc3b9755,Developer_01,1,
50,363a03d7eda869a9312614ca50c52adf8f92ceca,Developer_01,1,
50,1be1c50e0ead983f0121dd5bf3fe62bb0e7beabc,Developer_01,1,
50,0c9fff58610443f44f563a972856bbe4888a9fe9,Developer_02,1,True
50,90042f166a9743cc451a96f936e2c7b798f44e26,Developer_02,1,True
50,851f62b33432ada924810413c95fdee6b461dd17,Developer_02,2,True
50,0d4750fa6c87692dd6a0ae7bc1ac5b82aacb1808,Developer_02,1,
50,5e100cd8ae54f6fd5e829c86b798dba2e4c614e2,Developer_02,1,
50,6313fe6dcdde5fd9321f769b618fba2b0211c9fb,Developer_01,1,
50,5ef7a071e1322a9be4c2226c07fcac252c3473ca,Developer_01,1,
50,97d5c93c6e21dc7b040770d73523fd947f31833f,Developer_01,1,
49,9d0b1ec08f51453d40208505c0792ae218db8d80,Developer_01,1,
49,318d496795f76b28b1f20b7739839cfa5ca5d486,Developer_02,2,True
49,ec5b7f83ed285b64f456a1343dbe9f095672bdf5,Developer_02,2,True
49,3f46a4fad78e340e1f6d7862397dff2ea4efd9ef,Developer_02,2,True
49,2e67ee4958b350c5684b29f228cf9017f83fa817,Developer_02,2,True
49,ed0cb18da446583d04d5ae6a89454ffd60c70c21,Developer_02,2,True
49,5ab449c37dfc8366ce976a2a27a2543f74a41435,Developer_02,2,True
49,ffd65ec7ba97492ee104444e82c2ccd9be06617e,Developer_02,2,True
49,8a07a21e1f1e5c9ff9b01563b1843a018638e21a,Developer_02,1,True
49,a127bdf8fa4a2620c019a5b421b807510fe48be9,Developer_02,1,
49,3b0fd7f13857e4946f1c36c5e49126b64b3f9439,Developer_02,1,
49,2fe08a0a85d862fc0fe5eda67e324a919e6f36c6,Developer_01,1,
49,5535d7b4f23f89d482caa02f6417b6c8e4fae3f1,Developer_01,1,
49,6a6fdfad865fa84300a30cd047b433b727ef5529,Developer_01,1,
49,da6ab6694389a6ac49345a8add454ddb3a2891d0,Developer_01,1,
49,8494ff5e30eb1627ff366d2d0d28a1c91ed3b047,Developer_01,1,
49,93c5f4f99166bf5d535fb0e53d9d56ed9383873b,Developer_01,1,
49,a91ccbf8b0732230f31b9c039aa1e94c069f9f59,Developer_01,1,
49,3443434623b2128c515764cc855034ac884f2955,Developer_01,1,
49,85318a40273b5784a806602723adb8e2eaea8215,Developer_02,1,
48,11a0b5d44ebdad62a2d17475ab76fca7f5d7aecc,Developer_01,1,
48,6036cad9483831a5dd648638c4df7477a3de0360,Developer_01,1,
48,a2d7539bd09d5536f572a8219af53db573e34272,Developer_02,1,True
48,234d5b088de8dc573f5cfd1802f7602afba24e33,Developer_02,2,True
48,9e31be48e5da58eab4c8136398191d194d6f0937,Developer_02,2,True
48,1a2d12ad1365112f5134ed28ded759c367535e96,Developer_02,2,True
48,2536be5b9293280c315e482c784c5487b8e15e4d,Developer_02,2,True
48,e34b33c836861d21784675295bc9afa3144b34e9,Developer_02,2,True
48,5e53164534a3ad3864131c91aaab1e97c67b7dfb,Developer_02,1,True
48,cdf614ca81216dede53226ef2219f911eac1d03a,Developer_02,1,
48,fc1235a70efed188a8e15d4f5cb74775b10e8b33,Developer_02,1,
48,d7b339e289407445385e79445fefb4a7992cbadc,Developer_01,1,
48,f45052f787eb4defbf0a8c7058f5717a43b80a70,Developer_01,1,
48,c8622d5fda558c6364891ead6d29bb353b35e37b,Developer_02,1,True
48,b71b5ad61070df0fb1565892c371c0358cd01b26,Developer_02,1,
48,76d1f3804ad4990cb30e2f6897500aad94c8ad65,Developer_02,1,
48,0b42ff59f7cfe4738816f751474433ea873b2cf4,Developer_01,1,
48,20d05a3adcfe9415bd9f7c2e5e92dfa3faf3a7db,Developer_01,1,
48,04180c0a61c4132210b7db87c07e4c16e0724e7c,Developer_02,1,
48,0e8e3f96c93c7ecbaa11df353921174ce8b1d947,Developer_02,1,
47,628e70309ee2e1b6585436af6a95c33a23d33b02,Developer_01,1,
47,0073fffae872413a32e0c0f126ee22022cdc6562,Developer_02,3,False
47,5dcfe4a40abcb7c47ba8122d7ede1f85f7759e93,Developer_02,5,False
47,17db23d772886edbd414316e0ba5edcedb50607f,Developer_02,2,True
47,a5106d3da2aea73ee0da3d82f716ffff22d4e864,Developer_02,1,
47,4ab8836001d48ffb19486c96a0c1b00497355a12,Developer_02,1,
47,cce210c3f4eff248c776be7d0843870494c44bda,Developer_01,1,
47,19381552de37d79dc3a997ef6554199390de6ff6,Developer_01,1,
47,6e877c549a413e8465f1c541919fa2256885eef2,Developer_02,1,
47,252df02439e4cd73356074e6fc2d5df54a6131df,Developer_02,1,
47,3fca364542dbe978d685f9147a1b99587b76d32a,Developer_01,1,
47,c162799233773fbdd33863a1c7def3227031a776,Developer_01,1,
47,ff02f531481a9812120cfd15acd595178374b05b,Developer_01,1,
46,9f0e4ee5f8c1554d3fb37521302133a28d18549e,Developer_01,1,
46,d969afd13794f223768b4770c18b627212398868,Developer_02,1,True
46,01af7a1fc9c204c7600c51659fef4d3d35506d40,Developer_02,3,True
46,03a8a09fe8930edd4bf836009b409bc1fa739e85,Developer_02,2,True
46,c4043d4342cf08e93d4193af0f1aa127756fd6e0,Developer_02,1,
46,ba3890a27fd218bbe221100464794bd451abead7,Developer_02,1,
46,5e24c1e49e54ba168cc9753e7a6f64b5fdae83a9,Developer_01,1,
46,fe4ff90c54538c9128c12e3889255e7124beac36,Developer_01,1,
46,41b8ea2ef00c1c29e4af231cb13fcae79e51f487,Developer_01,1,
45,564d723422ed804a0d7521138f21c46c17165c30,Developer_01,1,
45,c0d9e505cc190807396b6bde7df6b0cbde5d9c98,Developer_02,2,True
45,38f980f1436f1133257af88adbbf42ae5e51dd6f,Developer_02,1,True
45,76831f438028c411162be6d9d8b1617444976487,Developer_02,2,True
45,36227c5e2209314351b80b77bfaaebd6f9001ac6,Developer_02,2,True
45,eee0e983e6ffbeff1d863f3e8d5f9d16b34fa886,Developer_02,1,
45,b57f6a482e9e2dd4ae6883d4008fc1a38268ac49,Developer_02,1,
45,3fb064f7b4107b604479e220f3c5f5530d1fc082,Developer_01,1,
45,a267a52e1030171e8ab4ae9f11700228d7ac6b86,Developer_01,1,
45,f83ac738e88a3d010a6764b88e05d32bc8f4ac0c,Developer_01,1,
44,943515f3010c5b4e25add149e94c911d8df844e3,Developer_01,1,
44,74efe3fddb7247e3e4064242587efd6ab985588a,Developer_01,1,
44,6dc37e11790a083ca65500fe8e18c7610f5a71de,Developer_01,1,
44,c69688afc301cf2cc64711776ceb6b1db88bb360,Developer_01,1,
44,a3e07d5d8d677df45caf5b5b8b5b14c08e4c06e2,Developer_01,1,
44,ce8c01f67a7d266758a7d9ffcfb28f383ce08106,Developer_01,1,
44,8b608ef20419a00c8e1448739b3841766b8ae050,Developer_01,1,
44,76160a091fe5a1c68c9d9446a022c5c6460b7118,Developer_01,1,
44,8ccc70ca127bc79beb21312ad66b414e2d4e5341,Developer_02,2,False
44,e9693308bc91377b8ef77ae11f6febb9d05a75d3,Developer_02,1,
44,fee3659cc38a921a93442680788d5e33ae9d35cc,Developer_01,1,
44,20ac41af792ee9ec52f6d652be85de24caf7cc01,Developer_01,1,
43,31fa0c5f127f282766982807c28790f6ff619349,Developer_01,1,
43,3dd5ccc723a4abcd8fb8fc15db3d122b4a31833a,Developer_02,1,True
43,b2a1135f7fecf51117cb603f529b8c60136222f6,Developer_02,2,True
43,3bd06a257259c1ee8cc31038dfd30c6e4f42f7f8,Developer_02,1,
43,d20d64f0ba132d0c7a5d75c818544bff9b181b92,Developer_02,1,
43,e6dc16f39fc64b94728fca3946e50e699dc126cd,Developer_01,1,
43,4551a1b6102ca01210d6cec079f39359112aa727,Developer_01,1,
43,52ded81b45725f896d79113f781b773014514586,Developer_01,1,
43,a8eac795cd7c207966d935c217425f404b2e6719,Developer_01,1,
42,a7092038b361d446feb6208ea46e5cdef62ec3f1,Developer_01,1,
42,2c3484505b219c148a2c9ccb1d8ca0904834907c,Developer_01,1,
42,76ee0bbffce7577d36d9ac3bad53320bf379f738,Developer_02,1,True
42,226b94f608398eb877c7af6f87fee43573580299,Developer_02,2,True
42,c28da2f3baba8bc05e2eb4ce910e776c47f4fd15,Developer_02,2,True
42,9052205db5af38467db1aca80169a4420437ad61,Developer_02,1,True
42,dde926549758fe189d3bf62025edd01b2e3ceefd,Developer_02,2,True
42,3c4539ee4c09cad6a708f2336d3850f6f64b302c,Developer_02,2,True
42,c79798c83e0941850e55d207e4c932374331e926,Developer_02,2,True
42,d6a3795043d93ad78fd32a77a441a421cf690353,Developer_02,1,
42,7b3bb49594892fdc93d279d55a9adbf50e3035e6,Developer_02,1,
42,f3c6d4f5cd96e45ff70bbb982f04fc54fe32ae4f,Developer_01,1,
42,c9991b6811aab8ff6a7f3027da4932f17fbc993a,Developer_01,1,
42,c0dd7aec1440a3140961fd4fdb2d573cbff8a8c6,Developer_01,1,
41,665cf82e1b29888d2f24cbbe57321feaff8d6d05,Developer_01,1,
41,7f0879c0bf456ab7607ac59b8663a2f8654568ed,Developer_01,1,
41,cf9095eb22383b111a376f16108fa04490ba0b1c,Developer_01,1,
41,145c2b16cff809cd0b14a0cb26c84849f66760ec,Developer_01,1,
41,d6216bc37757cef5b1af9154c65369b74e7f6923,Developer_02,2,True
41,ee0563a5b9d29606cf3f82449525f94307e42b75,Developer_02,1,True
41,f82b57b4d042783e24dd5a6e5828f0f8c6dc603a,Developer_02,1,True
41,4f8aea9f439ecc087cefcd895d1d719836de1765,Developer_02,2,True
41,93969193d21eafb66ad49d09cab8137239366e2e,Developer_02,1,
41,0d6fe34744cf144c56641a54fa449f047c79b28c,Developer_02,1,
41,11e714fad0d58f2f8efa2bfafbc650e14297bb07,Developer_01,1,
41,8a94852502aa9370b799e1a43d91140c6fc650e2,Developer_01,1,
41,fd632a0570bfa786d7c3517f9aafd5d2376ea1c4,Developer_01,1,
40,2deba2f142c127ab90cbefa1da427eba50c1e28a,Developer_01,1,
40,3d0d9d678dae1f4c689d3cfd28543cb7ab6c3b9f,Developer_02,2,True
40,819c31ff6d6a4056868f945021d8d7821961bf6e,Developer_02,2,True
40,5b0ab5205c67a7e21b10832779974a670b63a35e,Developer_02,1,
40,73c3db065553f55c25d938cec9e2d8728b1dd0c9,Developer_02,1,
40,39efea48a9d4ebf1dfb221afb5d1d4f925ef9fe8,Developer_01,1,
40,46f1bd5cd8ea9621ca3f271120b602d35365075e,Developer_01,1,
40,3ca884d78b5ce8c4488af9e75ed009cae23d8efe,Developer_01,1,
39,4a4792e0174c565ecd3a9e62424dd58c0e3c62e1,Developer_01,1,
39,16a037ee85f05fc593f8372a5c759f04133d8342,Developer_02,2,True
39,c98531746e3b7c6cc23dc04dd9518115acc1cbc7,Developer_02,2,True
39,2a37005cb70c8e48a221174615b71991717d4baa,Developer_02,2,True
39,9c485784886a7a4b70a5785fd13695d74b369911,Developer_02,2,True
39,c5cac91e5c55982a3bbd26b5c1b3d8d8c92c7486,Developer_02,2,True
39,b9e501d08b22764860c2462c5428f705a0c81ad4,Developer_02,1,
39,9ad74392a56293fbe48797ffccd9fc9404ce9b19,Developer_02,1,
39,d78641b60d465c43329c4c66d6c4cefd3747c24c,Developer_01,1,
39,3c984f87f71131c1f67cb996636eec79f7e17d63,Developer_01,1,
39,b0e712ff560d25d66d25ca29b5e2fe19f9688be3,Developer_01,1,
38,6d1ab8d71a1b9e01ed3a6aa6ee5da68d8522dcdc,Developer_01,1,
38,15aa0ee05cd57ccfdef89f13096af699a6ecfd7b,Developer_01,1,
38,5c27854b37cb1c694f25475938dd61260c32e017,Developer_02,2,False
38,773288c07e541ae48157b65271e1b8fac8490dc2,Developer_02,1,True
38,e2af0f7991b02e9df2de3268b1d5e173f3928807,Developer_02,2,True
38,b53b5499e9b38559e1ba723ef34ed3d99c044446,Developer_02,1,
38,6bcde4cb1b71295158f75bbe45134940bd517d15,Developer_02,1,
38,64b916815bbe9272c70af04123715c414b22df89,Developer_01,1,
38,9ec0a3fa893afcb2acc63610c85824ef0cf08a56,Developer_01,1,
38,44af8046598981868058248f1cd3a720b40439c9,Developer_01,1,
37,efd7f854f174a29c2f0e88b0b59997152128856a,Developer_01,1,
37,b267b326fc74eff7452268c84b999b100fe883b8,Developer_01,1,
37,263be8fca4b9ee7d652acd000b3d153f7bbb28d2,Developer_02,2,False
37,2e906363a0c20b69f414a5f91509bb45e6e6a3a6,Developer_02,2,True
37,5244d58f3452e5ee7ae9236b226f38a2e81b610f,Developer_02,3,True
37,473362683df27a606952724324d865d8490a3a41,Developer_02,2,True
37,dfaf29fa0aa20aaa3cfbcbef433465c841f82592,Developer_02,2,True
37,ef2ae2a9b8fc8966f5655445479747bbbc90bb80,Developer_02,2,True
37,69d176d0f8d4df162384cab9acc6215f1cea7616,Developer_02,2,True
37,ba6ff7885c7f3a2d1048f4c424a3c16a581ec18d,Developer_02,2,True
37,932c0ddfbcd5921a0c0b2750ac5cac3c3b9968ec,Developer_02,2,True
37,193bc6ad95462368d20806a6658566d3b6e262fd,Developer_02,1,
37,31855efb037ab3aa8e818a4e91913841441ce796,Developer_02,1,
37,e5549cf7d4aff929f37ca24c852114de2cf00155,Developer_01,1,
37,8ca536ed6263b20c08b8f043fd675a937da63d75,Developer_01,1,
37,a2f8507f971f05446a42bb8bf96b8ce8f16087a7,Developer_02,1,
37,a9730c0718098333a0e5b614872fce5d68560b3b,Developer_02,1,
37,db49f7da1f0eccf8da09e8abd504c03df81c2467,Developer_01,1,
37,4ac3796a2f854ff0144d766ab2830a8365b6bd42,Developer_01,1,
36,75ab6917419654e27b021d6649c81425c19868e3,Developer_01,1,
36,f9a05b468d9ebc5598cf63864912a00816fec931,Developer_01,1,
36,6c64165e5dc2a8c8909b2514de159eb33a3e59bd,Developer_02,2,True
36,49df05162a195d7605efc80fc2e7dc269fe82741,Developer_02,2,True
36,26bc19704ca3b19f2c6a3d8eec3e8c488a408d1f,Developer_02,2,True
36,fff2f3c22595558ffd78bdcff2600191ec494d94,Developer_02,2,True
36,caa30864eade36b98370e156fdd6bbb88bb322e9,Developer_02,1,True
36,cbf04e4439e06f30f16b39cbebb987546125c23c,Developer_02,1,
36,281c2745ed7e14d3394de815864bc27b01609ba1,Developer_02,1,
36,2bb0c5059c136e043ee31cfb4e92488d54ecba3b,Developer_01,1,
36,a1167c542d80b5aadf1b9c5df376170a58115ed9,Developer_01,1,
36,c5a932c1e3ab28e5d2df9297d4ffc0bba8ba471a,Developer_01,1,
35,b052d3b546ca3c6548c24b4aeeb436e2b292de2b,Developer_01,1,
35,3caee8fe7ea2ed36daf110232cae7ad5e24e232a,Developer_02,2,True
35,0c4ab1d42fb54f3c0283310f9d8050259642cbe7,Developer_02,1,True
35,55f130f225630a3fdd41cf4dac4e795142db216d,Developer_02,2,True
35,9e8c7a6b9ad6648e9e261ee4e39a7ea5babc745a,Developer_02,1,
35,874b1c0ca12e6c44511bfed0e31b5093b5de76e5,Developer_02,1,
35,9d534adb6e66b52bf3fca6187d3fd246f95f4455,Developer_02,1,
35,dfe4d3f7df5c956c606a6e7d8768292e2189909c,Developer_01,1,
35,dc21cf3e967982d93613d288880992708fd371a5,Developer_01,1,
35,9e9f21653d1d4efdcaa23a0aece440769cdedd85,Developer_01,1,
35,9ae1439f2a2c609537ec913f9859967695d4d5df,Developer_01,1,
34,0ddd68851059b666d51d8e2c15c22937e554ea03,Developer_01,1,
34,7e2738d9c6f36ce7227c8f503ed9bacb52038151,Developer_02,1,True
34,ecb4bdfb08d9e1a0779d778660a500950f5f9ae7,Developer_02,2,True
34,bf845d81c9d828275deb73611e3ec71d9bbb43c6,Developer_02,1,True
34,3eace555c0aa24d3aa5451a1007560dcf26a61e1,Developer_02,2,True
34,f58e0202890e85d727c8c04937ad0e14ca1e24da,Developer_02,2,True
34,a93c8e3f6a83d7adc5b26e53d585d93234171056,Developer_02,2,True
34,c5c9e551113a75ed68fea3bfe222c1b9aff9b61d,Developer_02,2,True
34,788f6eba5c61bde4440594bf5cdff788e5a26a10,Developer_02,3,True
34,19c41b1c7b8253cc33888572b1028758b5ef8338,Developer_02,1,True
34,51abf4f116164837a1bf121a8b5631a69704decc,Developer_02,1,True
34,0290d606efbc690af37bc211cbf13cc67282867b,Developer_02,1,True
34,6f301c6b1588660ae107539e256de03867c4decf,Developer_02,1,True
34,d9b3ff1082f15268acbda0f3de79853b5bc73ffd,Developer_02,2,True
34,68bc552e18a64b769ecec86b4ef958f6311b76ce,Developer_02,2,True
34,acef32013d59a5f4553ce5c57b962b7dc29efa02,Developer_02,1,
34,4c373381d571d16fd08a32583ac7c39ce105c767,Developer_02,1,
34,432ebef20c7f41ee1335373a8296fb99570feb87,Developer_01,1,
34,7d1d74c4ee8028c822292c77fcc33f43f3563e7a,Developer_03,1,
34,2e219f93ecd75987667514056b6dd90841ca66d2,Developer_01,1,
33,8f35d5976a0191773963b6d14ab929707d0660f0,Developer_01,1,
33,00fc04838bf2a3149f297ac29c7dd52ffcf47ba0,Developer_02,1,False
33,b46a353b25d77fac84a06f26eb47ab2199b402fb,Developer_02,3,False
33,b12bce7022d395f3b36ce6102bb8f6afcaf75348,Developer_02,1,
33,29d78fb14102a0317a07002853671b6e08b0d599,Developer_04,1,
33,25b31b2b0eb5d75e4625312ce80b07de75e26009,Developer_02,1,
33,eb01afd74955347f738bb403372b60603e164652,Developer_01,1,
33,8b82bb64126b5879d85093d94217004ae4b7c681,Developer_01,1,
33,d6fb17a47263b84ece8aa1992d8a355fd04f94ee,Developer_01,1,
32,8c1dcf7d96d9a824fdd0bbf6b84f26978040799f,Developer_01,1,
32,30a99c2fbe198dfecaa859f1b1a2307fc3685a01,Developer_03,1,
32,e2ef532cdb4afc60c699314336464a45410fa06f,Developer_02,2,False
32,d9bdcfe941a7d314dd8b675fc387a9a712a6c64b,Developer_02,3,False
32,c27c05fb72ae8cca185e5b839a50034396e75157,Developer_02,1,
32,088eeedc8d6075c36bcda56f8a648877e1404db9,Developer_02,1,
32,e8c892e30ade90c0f2adb6e45a3880b0a50e2116,Developer_01,1,
32,5b4937d8ccba29f036bbf9fcd36e579ea3ba8cc3,Developer_01,1,
32,515229fd4cba3c670fe6684ee5bf8a16b0f4d5d0,Developer_02,1,
32,c50b4df692658a3afd161d276df73194fac42bee,Developer_01,1,
32,19eaa01dab78a0e1cb1170e581613872ed4a9cac,Developer_01,1,
31,79520fafd7a848d8ac0cb3d43bd00b7dbb6c290f,Developer_01,1,
31,4a71edca0305f88d70c002451bcd4633cdd00498,Developer_02,4,False
31,8f010e20e76c0c3b9a2e28de28aac05e6c08de02,Developer_02,2,True
31,94ba9339532f047a6338ae6dd9c8e20da055d8ae,Developer_02,1,
31,4b03fa0b3e183c4e066d083a00ff47aaeb9e1420,Developer_02,1,
31,7700d9aa33edb4b2a500fdeacc8147e7b6740183,Developer_03,1,
31,34d3e2c0c58adc3f9043698943a94c5a401fa02a,Developer_01,1,
31,7afae6e147549db28c37a5abb7dcc886db665a57,Developer_01,1,
30,30fade716b1718033296fbee0f13c57f239793eb,Developer_01,1,
30,238eaa9bb9f2665b8df6cfe33ba1b1391f43a9af,Developer_02,2,True
30,7308528fc1145eaf9fda18e07c3d6786ec18581b,Developer_02,2,True
30,fa1f3337932b4674e7bdfb606cf42965a4b695b0,Developer_02,1,
30,1b0cfe5ead80da20b7f30f8676cfef89fef7d6e8,Developer_02,1,
30,71711106d31326ded6e352ecd228ed5987a85168,Developer_01,1,
30,7086953f061cc91d20d5f84d22f0e24065b7bfcb,Developer_01,1,
30,fd42183a5ea074f0daf8960680f078607be78e24,Developer_01,1,
30,7d20d8ae79ae05f3023b4bc69137d662ea2e9a75,Developer_01,1,
30,f64aa63ce3ba2303b57e69d0599ad968401bfdfa,Developer_01,1,
29,450f12b56ec0466231abc0ec9e36a0ce71959305,Developer_01,1,
29,d126dad37b2a3cf3e0a3303074b8af176e5624d0,Developer_02,1,
29,dede0effc36183fec3c1ed20bc340b68501d4313,Developer_02,1,
29,7355fee134230ba85d95710119cfcce9555359bb,Developer_01,1,
28,20ca5aaf4689d54cc1fb5a50fdb54fbc34384df5,Developer_01,1,
28,018f08dc8df67b874e56f53b67f1f3aca1c01b43,Developer_02,2,False
28,db5d0c168a3aa587bbb35fbcd030405e63faf750,Developer_02,1,
28,0a468bb6336810e1dff67395e45216c7b74a1994,Developer_02,1,
28,a8b2abaf4c519c8a970020e464304dcfc2a15edc,Developer_01,1,
28,a79690edc0d43cf2b42a383a4f744c9417dbef7b,Developer_01,1,
28,a395eb403c3855e5af848b3080cf3d091d2c31d4,Developer_01,1,
28,f9950272b1c1e45e38923b5e2594dc6d1e410f56,Developer_02,1,
28,2e493faaf78a27b95eb23353896fd9d85ccf009c,Developer_02,1,
28,23ff94e213072903cdd8c9494452866ca272748e,Developer_01,1,
27,a991ae866cef8e87415d7138daa3451b3d7e9617,Developer_01,1,
27,4bb80c2fb554abf4b499787d821b219f756281d3,Developer_02,1,
27,5472ba7f324a60fa792b4354594f75859ddfc8e5,Developer_02,1,
27,9274c8497c0ed08cac379574507b6d7f98fea183,Developer_01,1,
27,ca1488ecada28e9a646b02c9abcfd74c14e087e3,Developer_01,1,
26,14eef856f8152240ba53368ffd4b9796a6cca9b7,Developer_01,1,
26,a5611af7df624290f7fded3e9cc8cf46fc048783,Developer_02,1,
26,1ba75373f44cadd55189f5beb21adfef2e7203c5,Developer_02,1,
26,cc475190b072bd23c605bf152d7198a5b576c2cd,Developer_01,1,
26,b79bf212396b04e52b055baa356e8fabef7ec43a,Developer_01,1,
25,95adcfbfb2481b6bef1d6f70527b750ee2f3f7d6,Developer_01,1,
25,c129cd0218cc76930a06536df9cc80d890ecebd8,Developer_01,1,
25,fafd192d5cbd966e05427d665f86b6a179e5ded6,Developer_02,2,True
25,476db860c88693a54e36885d9a5c5f27c40da115,Developer_02,2,False
25,7eb61c87027749eaef1e7170a184a1ffd5c0de7d,Developer_02,1,
25,4db9e6bee885152e2e428d359b76f82818f32a0c,Developer_01,1,
25,6aad031e6a58c2bcbaa022b14e08120b07bfdcb2,Developer_01,1,
25,b49d90487d3ce66d253c802a937e2bb2d986cd74,Developer_01,1,
24,9b8dfb77f2dfefb9297e71e55f3f4988769193b9,Developer_01,1,
24,adce42104505eb5a945e3895279a6e6ac55ecae2,Developer_02,2,True
24,0db255699e9f022ab2fadd4201db3239df5b5421,Developer_02,2,True
24,331ac6044a9975516b03b7a30df52d2d80988540,Developer_02,1,
24,341ad607ae0ad60e5643ba29356d56630c09c553,Developer_02,1,
24,612e2ddc9234cdfa2b90c526ba03c055e52cb554,Developer_01,1,
24,e7dd686bebf858cba05ac1e2de48a454cf4bbc3f,Developer_01,1,
24,1503a2675faab9ef2145eb467ba468661f27af4a,Developer_01,1,
24,452a40efff61f59780b802db12fa32bd35b90f32,Developer_01,1,
23,fe07b9ffb667c544ee09e0304d3dd2db7f8322a0,Developer_01,1,
23,26b85321f7567cbd7a9baa3353085e0832fd6d15,Developer_01,1,
23,6b2d08255980941c046e2facf42b6e51f9dbb213,Developer_02,2,True
23,a6de6042b20017d735199908427d320f238b907d,Developer_02,2,True
23,b33b6e295de1b9241db57b608145e529843f61be,Developer_02,2,True
23,995cdb569d8761449c3264ea8d304eeb48663f87,Developer_02,2,True
23,962b2ebd7ebb116df453b6a87150173dd1f85f3a,Developer_02,1,True
23,8ac5370c68e6bba6c7ab016b4aca44f2a48380f4,Developer_02,1,
23,08cf2cb11f0a4158d6b89865651eb19f49e41dbf,Developer_02,1,
23,e17ee3fd2926287926c1b12c89c1137e1a462337,Developer_01,1,
23,d65e561cfc1437aead28f6e28b1c23b8445a5d40,Developer_01,1,
23,424f32ab7ad905218be2a21600e686d6d56d648b,Developer_01,1,
23,17ebc5da0d7b0da816bf14d48caa9b257ce0c37f,Developer_01,1,
23,e92166e20abc4a31da90734ead84283803147f0e,Developer_02,1,
23,8febf31b117d5f1b18915c73ab940e17534699df,Developer_01,1,
23,9682b1f1efbbef15311c997a6eae0f88a2145aa4,Developer_01,1,
22,fe10877ebfa1c1c515b1704640d2adb7a31f7c2b,Developer_01,1,
22,798a74d6c1a78d6272762ba7c3de04a2cc9d9f12,Developer_01,1,
22,24bb6c399a9297a1955ee94e2463bb9193a4303a,Developer_02,1,True
22,7f28fafe456dad9253b0745215b2740d1c178fc7,Developer_02,2,True
22,17b64d4fe7c2392a25d905e69423cfd79f366371,Developer_02,2,True
22,1457a3d2fe920382063940ffdbf6858d30914784,Developer_02,2,True
22,6d850a87f14ba7ffe66c624c59455bcfe26ad88b,Developer_02,1,False
22,f1bd4b86f3ffd35374a6d7478fdf7893ec2a01fe,Developer_02,2,True
22,e81be5aa9d30304e062d6018fba465f7cb2b8d54,Developer_02,2,False
22,77853aeffe611914f4591d7e903288cd6b7fc424,Developer_02,1,
22,a7d3c77d1848cdb06e9099a74d94b6b0e4696307,Developer_02,1,
22,00e79248dc65a7fd57cf913e40db8c788c46fc33,Developer_01,1,
22,b3ff654df16d80e684d8cd8d54c411f72ee0ca0c,Developer_02,1,
22,ea8ec9b8b472a4034d9c3e1598ff1e81ec0973db,Developer_02,1,
22,326d39c4577c6eb69db3004ac43e72b318396aaf,Developer_01,1,
21,a9eff2ed3c9159e332687dd02b664d82109f2263,Developer_01,1,
21,2b740592ba69193e8e9bcd66a6596449a7d9b8d0,Developer_01,1,
21,a6350e930c23b0e3a9118a8b85b592f9fdf2fd8f,Developer_02,2,True
21,7cebea35d9036b7ab601e2ace5bca3d2dec493e6,Developer_02,2,True
21,6ba528e633b77d3273b9c25d2796d418c31f7ca9,Developer_02,1,True
21,16f6c0af9a26d75200d7b98a1df3a4580a53cbf5,Developer_02,2,True
21,0a69e8644b0a58bd7b9e1b0481cfe64da5f9bb32,Developer_02,2,True
21,c2a9c5cec745b27a3e025f1e837eb4171efbf5a4,Developer_02,1,
21,28e05e0de893335133c8fa12a6b739c97c5ec28a,Developer_02,1,
21,e00a2f6c3923037812081c0bb14fb3ad488c0bc3,Developer_01,1,
21,c9a3f61c25733f4ee4fe27462ef343cbd3268e08,Developer_01,1,
21,fde9673e597562f373137457da3ba78dfa1bb74e,Developer_01,1,
20,926d98cc9f86f4806a08fc4b1d32a1fc46cafea1,Developer_01,1,
20,8072ba0712ff041602ce7ff087dcfa3aedf1a353,Developer_02,1,
20,c9419ac4c573fca246a11f986ebf3e963627428b,Developer_02,1,
20,3f8d7d3e747efb545daeb1bf87c54a0506cd8349,Developer_02,1,
20,730495bc771e86f042d6195fbc01926651849b60,Developer_02,1,
20,37ad08ba13f8ff508ef14f3ecd401bc4d79b92d0,Developer_01,1,
19,7d15a2343d05c400682c120990efa607ac730987,Developer_02,2,True
19,0421c4cfec269a049d784daac31b0c9f24f734cf,Developer_02,2,True
19,a13ab71d34916fb48fec39a6e93017a66b007beb,Developer_02,2,True
19,daa5ef6c0ddaa9013b8ecc3000f95516b2ed02dd,Developer_02,1,True
19,4332c691835b244a2c11be10564805788b22ca56,Developer_02,2,True
19,1b8b5b58175be61927029e133911b192b29d3c94,Developer_02,2,True
19,94b792a2389c1facbb0656fd7171b098ab952bc8,Developer_02,2,True
19,bdc793901c95614c8e81417e4c3b816d91b579dc,Developer_02,2,False
19,caa98b6b48f3aa0db9f7fdbf412405579df4cb62,Developer_02,2,True
19,b03bdaec20a008565e13e224638626d744b80bb5,Developer_02,2,True
19,2a61997a27cf968b6dd95d36f0bcd8c4da46d331,Developer_02,1,
19,fdd91c9b72bc9d9804f286529376482d3ec91d02,Developer_02,1,
19,2b2480ce6053acf60a582ff902c1951274828ede,Developer_01,1,
19,7fb2948ef0014e6233ae347480fc07fd54ed1c30,Developer_01,1,
19,85b66930eaa649ea6d39d9d2b1352d5f70da272e,Developer_01,1,
19,9be152cff695fef1d2e33333b6a5de8b8ba9b241,Developer_01,1,
19,f51565db4102f78217188d09a3545d74790426af,Developer_02,1,
19,91dd3c1c3953ca017de3cf2e1cd5d818a6f8a4a3,Developer_02,1,
19,a76b7088915e314fc4e120a752e1865283d23706,Developer_01,1,
19,39dc2b25116ae8ec33e40aebef0c1e7f55a296e3,Developer_01,1,
18,e59bfbff87eeede2fb87b57fb74f5bedd42e385d,Developer_01,1,
18,6ddda49cd81c94302b92bf2dbcc785c87c9b6ff8,Developer_01,1,
18,c1367b632a05e2f8b2470c7860a69bd60c0d052e,Developer_02,3,True
18,aaad2b96f2c2232508b04873865cecc4faf6048d,Developer_02,1,
18,217bc2fd15fdee44e285f008189b3f5af72940ce,Developer_01,1,
18,50fbd5ef453a046127132264175a0fd1db489f19,Developer_01,1,
18,2acc3cbc1cd646c39cc87ced82e8aa717c7a6cae,Developer_01,1,
17,352ff8edfe4ac7a0a47bbda1dee97df8ed91eaa4,Developer_01,1,
17,660791439a276b1876d6dbaba5130841dca96ce1,Developer_01,1,
17,aeeb717cc8e3876718c12cd839f932c314f525a6,Developer_01,1,
16,5c7aec07d63bbf9a789fd7471919b85fc499bfb6,Developer_04,1,
16,50449703f6cdb65e4644283d5ccf1d72e3b49f0f,Developer_02,2,True
16,f57feb590baf32ae4668a6a316e8c259344316f5,Developer_02,2,True
16,02b73abd95f2140a53fb59a99d0e6562cdf77e47,Developer_02,4,False
16,0044da09d0da8d3db9a28f384edda69fd8717748,Developer_02,2,False
16,dad4fe2c3b9156e05745ced38554c1e3eb21804b,Developer_02,1,
16,da29da5ef3cabf6c20a4c502c26ea366e2702185,Developer_02,1,
16,f680ca84471098bc6a62130be7990ea6c4f1c87a,Developer_03,1,
16,131874a3844b87912c24e32a47a8f70da52a56f2,Developer_03,1,
16,93b118f35166c8a18c5d10788f09e6e1a84c25fc,Developer_03,1,
16,1ca96774e41f6866e959f4489f242efb8b9b3c23,Developer_03,1,
16,aa5d7faf1cf18f19bd2912f37048da9ac1cb4474,Developer_02,1,
16,294163883bf43568b30abd8a058b50920dcf18aa,Developer_03,1,
16,087f4b34dffa2084b936b882dd9e13acf248b6e0,Developer_01,1,
16,ec768a9f1b3360d8ca83143d7230753e57eea6ef,Developer_01,1,
15,5e685e701b9fb2683860cbc9d32b50dfebf6e9e5,Developer_01,1,
15,427af6f7814d03b1cf5e5de7e25013d888b099c9,Developer_01,1,
15,8f8e2be1ac21b6a3480468632d532b4c67c9fe8c,Developer_01,1,
15,5302d62893d5357b3437d60a1d1b397f9cc77eeb,Developer_01,1,
15,412588117b6354a575fb488c5b032cf13d996f6f,Developer_01,1,
15,08c2a483f6a6b9af8d494499a818a31c24e081e1,Developer_01,1,
15,aa622df4bef9151bd8c4ced2daaeb0df3830f2cf,Developer_02,2,True
15,4411bcb77cd9a92763e4de9a0c23acd28bcc5fff,Developer_02,2,True
15,59efd69c9cd4527ee588efac40a0c614bddc2290,Developer_02,2,True
15,2d634fcaee52ac03b8d3dcbc6b3799804a8f4168,Developer_02,2,True
15,038193ed7fcdb3aede5420ec37187f4888cd4820,Developer_02,1,True
15,513c6bfb028c96088bfadae513df4ffbd1179ccf,Developer_02,2,False
15,5a9bcf5ac3da2886890e495c80d9be3d82f398cc,Developer_02,1,True
15,35ad6519da375f04474ba16599ccf6fad6f3b6fa,Developer_02,1,True
15,cc904de2c4e118c540767c0ba9480a733d27dde1,Developer_02,2,True
15,46d438e492f29cec2383d56dcd0d96f30841736b,Developer_02,1,True
15,e98e16e190bd0e3936ad3c7c7aeb48da17129bf3,Developer_02,1,
15,0354e87bd0a911efbb3c65213056874e71849555,Developer_02,1,
15,c08eefa15f975c4fa8294aed03b86e24ac4cffba,Developer_01,1,
15,6f58ce4319a77d80146f09867de3a0627f633b96,Developer_01,1,
14,4674263c95362472a6aabfa8a54ded6226c7b880,Developer_01,1,
14,d013815e0ada8aa1a4f4c747834005182be93ef8,Developer_01,1,
14,3251dbff8e2d330f67ae780204c779d05fd01a72,Developer_02,1,
14,9c76fa1389cef3ea9d3877a6d9fa52bd0f893567,Developer_02,1,
14,ef8adaf4db73215317e8e9bd96edb4863ce6fd24,Developer_01,1,
14,0a8222821c94be226071b5e54e2bb6bdae5f4061,Developer_01,1,
13,637aa870fafe2c4054b82e5f33397fa8142e647d,Developer_01,1,
13,420b081f4b0b1f2cb0f5480459ac8f9dc844aac2,Developer_01,1,
13,38d4e9093f99c7840dff36aba903ec84053790c7,Developer_01,1,
13,688d9201a157959ade8604d65b51ceaf8c90d4d4,Developer_02,2,True
13,ec2ab05c6ba550a1d40d4e220fc1999d22b0116e,Developer_02,1,True
13,430d5f7742cee5d315a4ed77ebc8f9909dd66066,Developer_02,3,True
13,5a95518e3c47b0814eaa7a0360fdaf532eef5c1e,Developer_02,2,True
13,fbeaa0f2306e514191fafd2366f6f16459a5157c,Developer_02,3,True
13,9ef0ba7e72c3b6eb220ea2e12576cd23b9a62fb0,Developer_02,3,True
13,93a3ba05f4c479447c1e95eb419307c66dddcf2c,Developer_02,1,True
13,822b378eb619070a65800549555d814fb8b19169,Developer_02,2,True
13,3c786de1fffacc6786ac67ef29547571adef1aa0,Developer_02,1,
13,640ad47e8f69cfe52f31637c68de191c30a9e08e,Developer_02,1,
13,b9e9e6eaef57e9b7e09934a00e08d8be09db9ad6,Developer_02,1,
13,23707eb18dc0585c4ba9ccb6fcd07fc86c79913b,Developer_01,1,
13,594e162996000b9c4e0236a7210c69a91653658e,Developer_01,1,
13,951541427087a2a87f8b347d9b59770eb1463163,Developer_01,1,
13,be29a8d134108e438fe494f421e932ec40d41a70,Developer_01,1,
12,51c767dee2c74df25b487808a10e9acce19f3d86,Developer_01,1,
12,8934a8a72c87f124aab121d361c372a1bcb98c63,Developer_01,1,
12,d36f18c833ced409849477e4f0ad7298af0633ae,Developer_01,1,
12,8fecabbffcb9222643aaf79d2861d58976e14559,Developer_01,1,
12,614a19c5912c35b7ea95364b4fdb09d18051014c,Developer_02,2,True
12,e8ea6e6320a1716d636c61185c96984d9b009821,Developer_02,1,True
12,7b401b9c4c7c285887231036b0d801949b560dc0,Developer_02,1,True
12,9ffe0a81ebe0c27068c74ae436902b3e9b455e12,Developer_02,2,True
12,fe91ce217a0630f527471b9fe26ebb8f2822afb5,Developer_02,2,True
12,0a6899138a385e18057a2dfa03ac549379e66814,Developer_02,2,True
12,d28e128751cf953f4ca4d6d95d86932c8e7f0990,Developer_02,2,False
12,8ec01549481e6829c5e2d27a6a9a44c90980546c,Developer_02,1,True
12,3984830a8a7a9cea8fe450fb17d7965ab8e5b716,Developer_02,1,True
12,8cf16d35530224db77235e84f79c49450ae81a67,Developer_02,2,True
12,8f3ac277558392fc41826ba6d823efe2fe428999,Developer_02,2,True
12,30c8678433146f7330eed45a1faf58cb32280854,Developer_02,1,
12,c5099453919617b120911c1005944614faec1e39,Developer_02,1,
12,feb36d3f3606879fbb1bf998168a9f0e5ce74549,Developer_02,1,
12,05897091c95b4a0bc5cc2874fcaf6863071133ce,Developer_01,1,
12,690dea7af50c7716c36ade94ac70fa63b484df5e,Developer_01,1,
11,c32c5a987bd9005e2503350add23e159e1b44b40,Developer_01,1,
10,f027e7fd164ab786111d31cb732a43fb72aa8106,Developer_01,1,
10,418b7019fa07989f82896118029f5ec9c02a4b7e,Developer_01,1,
10,73fc64c60246ef94f8836c2bfdaf969d96599ff7,Developer_02,1,
10,74c4f8b8cc9dce32c30d86dcac93ac15f31d3600,Developer_02,1,
10,4af6b169b3ecd89bfc043dce8187b296d9c54e4d,Developer_01,1,
10,dfcff72d5eacb2246195546a0058b635dd031129,Developer_02,1,
10,92a168c0c7761a59b4af0301a9dbb57015a7b28f,Developer_02,1,
10,83b6394a340315a3b0c851ac8ee6690706516baa,Developer_01,1,
10,119ba3f51db143cedad11297c9eaf966c39ade15,Developer_01,1,
10,f05f6d1f71e5d83e4815faa88bf72e15e5274e58,Developer_01,1,
10,699e5731231ff0d5ae48953a50f3141bebcd6a3e,Developer_01,1,
10,90aa95fea21b1dbe0990e11dc898c4bf0f3d9ac4,Developer_01,1,
10,2388e5e50c9932d41e8d68de8a29446564bed737,Developer_01,1,
10,b98f53e5478e6af7661226ad810bcdb9d3a3f3b8,Developer_01,1,
10,3475f4a68f1e1cc68645e9087633d138991274d1,Developer_01,1,
10,66318033515188c783f66c39dfb96ca2f7cc628c,Developer_01,1,
10,bd951ecbaed7ebdd993292c9d77f784e6fd57a13,Developer_01,1,
10,a0efbd505cbba3b6110012b595b80d59da5fbb72,Developer_01,1,
10,fd5a3834a80fa634b5cdf2e98db3c9a8523b62fc,Developer_02,1,
10,dfc906d4e81c9242b3a906a718b48a540e415b04,Developer_01,1,
9,7ccd1612f47a2f7e2a7c4b671c953f559598c37b,Developer_01,1,
9,781dae975869c9e3929cf78fa850b62477cc1a31,Developer_02,2,True
9,5b9a667ae178549b1236a53a59a1647486358599,Developer_02,1,
9,f0699c462241b1e6d5e56ece9fdfd368aa2f8163,Developer_02,1,
9,d3be79fcea467c2c0235532e1be410e6ce01a2b0,Developer_01,1,
9,2ad33ae309cb20f356556a0e5571687badafee1d,Developer_01,1,
9,168c61c154b79a7ef6565688d6edc0d0a1264068,Developer_01,1,
9,5511086fab62b2d7d274306033b1e3764e379c55,Developer_01,1,
8,0a6c92b56c20a74786c94827acd130156aea99c1,Developer_01,1,
8,d63ac420348404939b800ed1f3c497c018fea3f9,Developer_02,1,
8,2756d9bca465213549e7270e118665ef85d3673a,Developer_01,1,
7,4840a6a3fca418eb82f4cc2190d68e63e6e2475e,Developer_01,1,
7,fd1d7671995859b5cd9aa35730d6091b0d2578c3,Developer_02,2,True
7,d16673571f3b91cef3b3e894a6e803b7d50e77a5,Developer_02,2,True
7,76f542906fc8b1ed4f4bcc05b42c56218cf1fde9,Developer_02,2,True
7,448114d033746d2cc21b0350238796b80a67543c,Developer_02,2,True
7,8fcb36b3a70923a2ba50b4c33980f61f7fc725dc,Developer_02,2,True
7,f8879a9f3bc076954d2e507df9b0b2848e2c0820,Developer_02,2,True
7,36c4df7778040e2c425cdf533671c1fdd1180247,Developer_02,2,True
7,1d403166cfbe1abc583265369594ea7d9e65cd29,Developer_02,2,True
7,c9c2b1db5e0a07e3b60e23f087d1c5ab7175fad9,Developer_02,1,
7,9d05a74616b353b1ac989544f7915a41ee2aabba,Developer_02,1,
7,f13996dfd0d7652ff70c6f63abeedf2114038632,Developer_01,1,
7,561b678a44a1a3f93889e25cdb3f11732c1b748a,Developer_01,1,
7,96c8110d82cbb18108acd4ebaacafd752b78e5b7,Developer_01,1,
7,15979f9d4518f972c3f30b3ed79a5df006f7e033,Developer_01,1,
7,8c412e5c5c132ca375052dc230cbecefdac32169,Developer_01,1,
7,36ca85f6e8fd7bdb4a36b1a5f1ebe89ed48f6689,Developer_02,3,True
7,442137431e957cef082d6e84340ecc3168c18d4d,Developer_02,3,True
7,e45456291c77e7d9f25f266008538c27c349d2ad,Developer_02,2,True
7,518217e2ebdaa4a819b77e45fecb30984d8c860d,Developer_02,1,
6,18faa2038a51ee87dc0a0281bce5c2ad6353e220,Developer_01,1,
6,9be10f94e1f99730c0fd5bd091e28db011f1fd86,Developer_02,2,True
6,e14b5eded0402da24cb900b5257478b688676cdb,Developer_02,1,
6,fe20a1ca3fb0258b4ecd72cc3781e6069a16528c,Developer_02,1,
6,65070e0e0e477729fdb747bf1e6cf56cfc0c9173,Developer_01,1,
6,8df03eeea09b6d85dc82acb80022de83a5694895,Developer_02,1,
6,0f279d0d538a1fe1c4bda0e03f21afb9ec699d88,Developer_01,1,
6,f1b38209842eb32cf6249a9e031d403e93734c9f,Developer_01,1,
6,a0cd95f0e1b80119e90826c068e35425b7bbcdac,Developer_01,1,
5,4243cf40a9cb7c8b8140063f6fb829e7c2afb852,Developer_01,1,
5,2542b7c6bfb7f000dea642a1ba7885de3649ee2e,Developer_02,2,True
5,39c45880d51bfddc6ea19c2143e5766efd43056a,Developer_02,2,True
5,1cf8c9294ad13cd0401d14de242d77fcd89cde60,Developer_02,1,
5,792bd8e96bcf95f2a2fd5088519918fe7b91127f,Developer_02,1,
5,a3416d64f9924002e17fbd42b2f51146667be59b,Developer_01,1,
5,cf06b5548b1fc4c4c1ddd5aa025ec19d62076a74,Developer_01,1,
5,8a2a3c23b475298b8325bd3a5d87e832cd4f317c,Developer_01,1,
5,a1c0335167149f143f77c8916e054229279d6abe,Developer_02,2,True
5,8b65caeae548948d976d37c64a1896ca61236a4e,Developer_02,2,True
5,a2a09acca2e2f812fc6569f0ee4fa108fcc911c1,Developer_02,1,
5,5be906a28ff1a3cb68ee1f36fdacc7fa3b0d86fb,Developer_01,1,
5,c28900758598d5f1f731cc3b3ee4a0e0a40871d6,Developer_01,1,
5,95dc7086e1464aea660a5f29aa526e08d2571a34,Developer_01,1,
5,d4d19752696640428a6eb35e1f301af0fcb87ed8,Developer_01,1,
4,ad15685dbcd820b5f19ddcbb10d540b965df32dd,Developer_01,1,
4,da9f83375d331fcb189afe595e3651d7fed03e16,Developer_02,1,True
4,c5777959f0b29102aa8bca4e1e2ad55229e96248,Developer_02,1,True
4,055e14f0cdc7c7e26d9b6564567c661d8ccd6bfc,Developer_02,2,True
4,adf9d1e10dcec02d37e299ed2e99d2ab6eeed4e2,Developer_02,1,
4,7ade7d8ccb0e9895d9b6aa1a865ea6e949fd12be,Developer_02,1,
4,7e3142126b9930c4ea38cebb83d0d796dbc45c4c,Developer_01,1,
4,48dce874528238c7db98b3e72b1d694001a35112,Developer_01,1,
4,04ffaef6c4d58909063529502071551c61a6c6c6,Developer_01,1,
4,bbe010adc16af461864a7e09fa6d72698b53a03e,Developer_01,1,
3,eb7c77a8fc10ca7cec265a37385ddd5530152368,Developer_01,1,
3,b68b8996104b0a3f1cff2496250d193b0929b595,Developer_01,1,
3,88acff87340cc095cf1a09521cd03108149df2d7,Developer_02,1,False
3,71e9225a8ad6adb9fafab9e97ffe220d0424f810,Developer_02,1,
3,27c875041e7822c821acd4316c9b69d0a266c1c1,Developer_01,1,
2,24d687af3457cb9443630178e246c6ce94ab14c3,Developer_01,1,
2,8fb99884b60a7796addd840db2f232066eb6ab1b,Developer_01,1,
2,a2bd9054410ea6b5049bdefdbca49853732bc345,Developer_01,1,
2,80237f7a2524f71e681a3a546c71cfb1b442240b,Developer_02,2,True
2,fe01ba6eb6571267c7807b80e3845a2f852d4d49,Developer_02,2,True
2,5ed7190743540eab7427af046f86d6fcacac15f9,Developer_02,2,True
2,489326659f83c169c99537e5431acbaae19a8b7a,Developer_02,2,True
2,610b10707ea1e7dc1cde70d07800ecdb36eb5a6d,Developer_02,2,True
2,19749d6e7692bf5146f7db79d335a328e8c19c91,Developer_02,1,
2,c5b4e1a53a565c951f4b2d0cac9fef0dc41b75a3,Developer_02,1,
2,2a8983d8430dbaa5df13026686f88da66618838d,Developer_01,1,
2,dbfd2b88449245bf6b7137e98e89787485a6f01c,Developer_01,1,
2,9c710ecf0c367dea1ff7d3c8c4c5c55c7ffb083e,Developer_01,1,
2,570bae9d5341b481835ef123bcb406dce3fc0b8b,Developer_01,1,
1,e65a9b07b3bf05bedb1617e376b696b1be13c96e,Developer_01,1,
1,a9dd10ed2a83e7113fecda5119c22427966d61dc,Developer_01,1,
1,00596f9d57b17ae448c9ee07b43a651ee35ce54d,Developer_01,1,
1,07f32e8683396068166da5023c76f9dfc45b93a3,Developer_02,2,True
1,9a3718700a85532ea9619b94e83afba2a01e78b9,Developer_02,2,True
1,a2b7a63fd8ba9239562b061491e1fa7a983eb4c1,Developer_02,2,False
1,3e65037ecc100a64cfbd975ec360bc0eb321f727,Developer_02,1,
1,bbd73f848e264858d1028654ede77d9db7fc5a6d,Developer_02,1,
1,e1799d232b99bf65a994762bd8fd6214a64add80,Developer_01,1,
1,a928252accafc5e7860134cd66a6ae4fbb2f1a9c,Developer_01,1,
1,a30f263c1d1f5c0259c5e120a762795101a704e5,Developer_01,1,
